Series Description,"Percent change of total consumer credit, seasonally adjusted at an annual rate","Percent change of total revolving consumer credit, seasonally adjusted at an annual rate","Percent change of total nonrevolving consumer credit, seasonally adjusted at an annual rate","Total consumer credit owned and securitized, seasonally adjusted level","Revolving consumer credit owned and securitized, seasonally adjusted level","Nonrevolving consumer credit owned and securitized, seasonally adjusted level","Total consumer credit owned and securitized, not seasonally adjusted level","Total securitized consumer credit, not seasonally adjusted level","Total consumer credit owned and securitized by depository institutions, not seasonally adjusted level","Total consumer credit owned by depository institutions, not seasonally adjusted level","Total consumer credit securitized by depository institutions, not seasonally adjusted level","Total consumer credit owned and securitized by finance companies, not seasonally adjusted level","Total consumer credit owned by finance companies, not seasonally adjusted level","Total consumer credit securitized by finance companies, not seasonally adjusted level","Total consumer credit owned by credit unions, not seasonally adjusted level","Total consumer credit owned by federal government, not seasonally adjusted level","Total consumer credit owned by nonprofit and educational institutions, not seasonally adjusted level","Total consumer credit owned and securitized by nonfinancial business, not seasonally adjusted level","Total consumer credit owned by nonfinancial business, not seasonally adjusted level","Total consumer credit securitized by nonfinancial business, not seasonally adjusted level","Revolving consumer credit owned and securitized, not seasonally adjusted level","Revolving securitized consumer credit, not seasonally adjusted level","Revolving consumer credit owned and securitized by depository institutions, not seasonally adjusted level","Revolving consumer credit owned by depository institutions, not seasonally adjusted level","Revolving consumer credit securitized by depository institutions, not seasonally adjusted level","Revolving consumer credit owned and securitized by finance companies, not seasonally adjusted level","Revolving consumer credit owned by finance companies, not seasonally adjusted level","Revolving consumer credit securitized by finance companies, not seasonally adjusted level","Revolving consumer credit owned by credit unions, not seasonally adjusted level","Revolving consumer credit owned and securitized by nonfinancial business, not seasonally adjusted level","Revolving consumer credit owned by nonfinancial business, not seasonally adjusted level","Revolving consumer credit securitized by nonfinancial business, not seasonally adjusted level","Nonrevolving consumer credit owned and securitized, not seasonally adjusted level","Nonrevolving securitized consumer credit, not seasonally adjusted level","Nonrevolving consumer credit owned and securitized by depository institutions, not seasonally adjusted level","Nonrevolving consumer credit owned by depository institutions, not seasonally adjusted level","Nonrevolving consumer credit securitized by depository institutions, not seasonally adjusted level","Nonrevolving consumer credit owned and securitized by finance companies, not seasonally adjusted level","Nonrevolving consumer credit owned by finance companies, not seasonally adjusted level","Nonrevolving consumer credit securitized by finance companies, not seasonally adjusted level","Nonrevolving consumer credit owned by credit unions, not seasonally adjusted level","Nonrevolving consumer credit owned by federal government, not seasonally adjusted level","Nonrevolving consumer credit owned by nonprofit and educational institutions, not seasonally adjusted level","Nonrevolving consumer credit owned and securitized by nonfinancial business, not seasonally adjusted level","Nonrevolving consumer credit owned by nonfinancial business, not seasonally adjusted level","Nonrevolving consumer credit securitized by nonfinancial business, not seasonally adjusted level","Student loans owned and securitized, not seasonally adjusted level","Motor vehicle loans owned and securitized, not seasonally adjusted level","Total consumer credit owned and securitized, seasonally adjusted flow, monthly rate","Revolving consumer credit owned and securitized, seasonally adjusted flow, monthly rate","Nonrevolving consumer credit owned and securitized, seasonally adjusted flow, monthly rate","Total consumer credit owned and securitized, not seasonally adjusted flow, monthly rate","Total securitized consumer credit, not seasonally adjusted flow, monthly rate","Total consumer credit owned and securitized by depository institutions, not seasonally adjusted flow, monthly rate","Total consumer credit owned by depository institutions, not seasonally adjusted flow, monthly rate","Total consumer credit securitized by depository institutions, not seasonally adjusted flow, monthly rate","Total consumer credit owned and securitized by finance companies, not seasonally adjusted flow, monthly rate","Total consumer credit owned by finance companies, not seasonally adjusted flow, monthly rate","Total consumer credit securitized by finance companies, not seasonally adjusted flow, monthly rate","Total consumer credit owned by credit unions, not seasonally adjusted flow, monthly rate","Total consumer credit owned by federal government, not seasonally adjusted flow, monthly rate","Total consumer credit owned by nonprofit and educational institutions, not seasonally adjusted flow, monthly rate","Total consumer credit owned and securitized by nonfinancial business, not seasonally adjusted flow, monthly rate","Total consumer credit owned by nonfinancial business, not seasonally adjusted flow, monthly rate","Total consumer credit securitized by nonfinancial business, not seasonally adjusted flow, monthly rate","Revolving consumer credit owned and securitized, not seasonally adjusted flow, monthly rate","Revolving securitized consumer credit, not seasonally adjusted flow, monthly rate","Revolving consumer credit owned and securitized by depository institutions, not seasonally adjusted flow, monthly rate","Revolving consumer credit owned by depository institutions, not seasonally adjusted flow, monthly rate","Revolving consumer credit securitized by depository institutions, not seasonally adjusted flow, monthly rate","Revolving consumer credit owned and securitized by finance companies, not seasonally adjusted flow, monthly rate","Revolving consumer credit owned by finance companies, not seasonally adjusted flow, monthly rate","Revolving consumer credit securitized by finance companies, not seasonally adjusted flow, monthly rate","Revolving consumer credit owned by credit unions, not seasonally adjusted flow, monthly rate","Revolving consumer credit owned and securitized by nonfinancial business, not seasonally adjusted flow, monthly rate","Revolving consumer credit owned by nonfinancial business, not seasonally adjusted flow, monthly rate","Revolving consumer credit securitized by nonfinancial business, not seasonally adjusted flow, monthly rate","Nonrevolving consumer credit owned and securitized, not seasonally adjusted flow, monthly rate","Nonrevolving securitized consumer credit, not seasonally adjusted flow, monthly rate","Nonrevolving consumer credit owned and securitized by depository institutions, not seasonally adjusted flow, monthly rate","Nonrevolving consumer credit owned by depository institutions, not seasonally adjusted flow, monthly rate","Nonrevolving consumer credit securitized by depository institutions, not seasonally adjusted flow, monthly rate","Nonrevolving consumer credit owned and securitized by finance companies, not seasonally adjusted flow, monthly rate","Nonrevolving consumer credit owned by finance companies, not seasonally adjusted flow, monthly rate","Nonrevolving consumer credit securitized by finance companies, not seasonally adjusted flow, monthly rate","Nonrevolving consumer credit owned by credit unions, not seasonally adjusted flow, monthly rate","Nonrevolving consumer credit owned by federal government, not seasonally adjusted flow, monthly rate","Nonrevolving consumer credit owned by nonprofit and educational institutions, not seasonally adjusted flow, monthly rate","Nonrevolving consumer credit owned and securitized by nonfinancial business, not seasonally adjusted flow, monthly rate","Nonrevolving consumer credit owned by nonfinancial business, not seasonally adjusted flow, monthly rate"
2019-01,5.95,7.61,5.36,4026910.98,1060529.84,2966381.14,4016432.62,5226.17,1671715.49,1666489.31,5226.17,533291.2,533291.2,0,481454.25,1262988.26,30963.7,36019.72,36019.72,0,1032471.66,25.81,927438.09,927412.29,25.81,23112.82,23112.82,0,61961.9,19958.85,19958.85,0,2983960.96,5200.37,744277.39,739077.03,5200.37,510178.38,510178.38,0,419492.36,1262988.26,30963.7,16060.87,16060.87,0,ND,ND,19869.09,6682.42,13186.66,9390.73,-261.03,-15721.66,-15460.63,-261.03,-1075.71,-1075.71,0,249.29,26715.81,-311.72,-465.28,-465.28,0,-21375.76,-12.99,-19805.66,-19792.67,-12.99,-595.66,-595.66,0,-413.28,-561.15,-561.15,0,30766.49,-248.04,4084,4332.04,-248.04,-480.05,-480.05,0,662.57,26715.81,-311.72,95.87,95.87
2019-02,3.95,2.88,4.33,4040157.51,1063070.96,2977086.55,4000360.92,4990.44,1655238.11,1650247.67,4990.44,530017.89,530017.89,0,480157.91,1268730.51,30698.47,35518.03,35518.03,0,1014536.95,13.56,911060.11,911046.55,13.56,22527.33,22527.33,0,61443.24,19506.27,19506.27,0,2985823.97,4976.88,744178,739201.12,4976.88,507490.56,507490.56,0,418714.66,1268730.51,30698.47,16011.77,16011.77,0,ND,ND,13246.53,2541.12,10705.41,-16071.7,-235.73,-16477.37,-16241.65,-235.73,-3273.31,-3273.31,0,-1296.35,5742.25,-265.23,-501.68,-501.68,0,-17934.7,-12.25,-16377.98,-16365.73,-12.25,-585.48,-585.48,0,-518.65,-452.58,-452.58,0,1863,-223.48,-99.39,124.09,-223.48,-2687.83,-2687.83,0,-777.69,5742.25,-265.23,-49.1,-49.1
2019-03,3.54,0.23,4.72,4052074.4,1063270.31,2988804.09,3994480.53,4731.99,1649257.98,1644526,4731.99,529386.02,529386.02,0,480787.97,1269571.44,30279.74,35197.38,35197.38,0,1005252.19,0.75,902453.74,902452.99,0.75,21954.09,21954.09,0,61591.45,19252.9,19252.9,0,2989228.34,4731.24,746804.24,742073,4731.24,507431.93,507431.93,0,419196.52,1269571.44,30279.74,15944.48,15944.48,0,1597654.08,1144169.08,11916.88,199.35,11717.53,-5880.39,-258.46,-5980.13,-5721.67,-258.46,-631.87,-631.87,0,630.06,840.92,-418.73,-320.65,-320.65,0,-9284.77,-12.81,-8606.37,-8593.56,-12.81,-573.24,-573.24,0,148.21,-253.37,-253.37,0,3404.38,-245.65,2626.24,2871.89,-245.65,-58.63,-58.63,0,481.85,840.92,-418.73,-67.28,-67.28
2019-04,5.16,7.8,4.22,4069488.87,1070185.63,2999303.24,4013774.09,4521.14,1664124.31,1659603.17,4521.14,530645.28,530645.28,0,483632.3,1270367.83,29895.11,35109.26,35109.26,0,1014175.02,0,910817.56,910817.56,0,22564.86,22564.86,0,61600.23,19192.37,19192.37,0,2999599.07,4521.14,753306.75,748785.6,4521.14,508080.42,508080.42,0,422032.08,1270367.83,29895.11,15916.89,15916.89,0,ND,ND,17414.48,6915.32,10499.15,19293.56,-210.84,14866.33,15077.17,-210.84,1259.26,1259.26,0,2844.33,796.4,-384.63,-88.13,-88.13,0,8922.83,-0.75,8363.82,8364.57,-0.75,610.76,610.76,0,8.77,-60.53,-60.53,0,10370.73,-210.09,6502.51,6712.6,-210.09,648.5,648.5,0,2835.56,796.4,-384.63,-27.6,-27.6
2019-05,3.82,3.17,4.05,4082449.85,1073016.09,3009433.75,4038943.87,4305.88,1681512.45,1677206.56,4305.88,533584.96,533584.96,0,483653.81,1275408.27,29576.13,35208.25,35208.25,0,1028667.13,0,923503.74,923503.74,0,23179.45,23179.45,0,62672.99,19310.95,19310.95,0,3010276.74,4305.88,758008.71,753702.82,4305.88,510405.51,510405.51,0,420980.82,1275408.27,29576.13,15897.3,15897.3,0,ND,ND,12960.97,2830.46,10130.51,25169.78,-215.26,17388.14,17603.4,-215.26,2939.69,2939.69,0,21.51,5040.43,-318.98,98.99,98.99,0,14492.11,0,12686.18,12686.18,0,614.6,614.6,0,1072.76,118.58,118.58,0,10677.67,-215.26,4701.96,4917.22,-215.26,2325.09,2325.09,0,-1051.25,5040.43,-318.98,-19.58,-19.58
2019-06,3.58,-0.84,5.15,4094627.09,1072267.32,3022359.77,4052120.92,4098.9,1688456.94,1684358.05,4098.9,533335.5,533335.5,0,487435.89,1278347.22,29330.42,35214.94,35214.94,0,1030637.93,0,924599.04,924599.04,0,23768.9,23768.9,0,62933.79,19336.2,19336.2,0,3021482.99,4098.9,763857.9,759759,4098.9,509566.61,509566.61,0,424502.1,1278347.22,29330.42,15878.74,15878.74,0,1603292.89,1159952.47,12177.24,-748.78,12926.02,13177.05,-206.99,6944.5,7151.48,-206.99,-249.46,-249.46,0,3782.08,2938.95,-245.7,6.69,6.69,0,1970.8,0,1095.3,1095.3,0,589.44,589.44,0,260.8,25.26,25.26,0,11206.25,-206.99,5849.19,6056.18,-206.99,-838.9,-838.9,0,3521.28,2938.95,-245.7,-18.57,-18.57
2019-07,7.11,12.52,5.2,4118904.03,1083457.25,3035446.78,4073495.67,3906.35,1704190.14,1700283.79,3906.35,535147.74,535147.74,0,488552.5,1281404.35,29050.34,35150.6,35150.6,0,1041237.25,0,934497,934497,0,23534.2,23534.2,0,63910.09,19295.96,19295.96,0,3032258.43,3906.35,769693.15,765786.79,3906.35,511613.53,511613.53,0,424642.41,1281404.35,29050.34,15854.65,15854.65,0,ND,ND,24276.94,11189.93,13087,21374.75,-192.54,15733.2,15925.74,-192.54,1812.23,1812.23,0,1116.61,3057.14,-280.09,-64.34,-64.34,0,10599.32,0,9897.96,9897.96,0,-234.69,-234.69,0,976.3,-40.25,-40.25,0,10775.44,-192.54,5835.24,6027.79,-192.54,2046.92,2046.92,0,140.31,3057.14,-280.09,-24.09,-24.09
2019-08,4.3,1.16,5.42,4133659.34,1084500.55,3049158.8,4109862,3715.14,1717757.41,1714042.27,3715.14,536207.06,536207.06,0,491738.01,1300141.82,28725.37,35292.33,35292.33,0,1048001.44,0,941428.41,941428.41,0,23272.5,23272.5,0,63939.73,19360.8,19360.8,0,3061860.56,3715.14,776329,772613.86,3715.14,512934.56,512934.56,0,427798.27,1300141.82,28725.37,15931.53,15931.53,0,ND,ND,14755.32,1043.29,13712.02,36366.33,-191.21,13567.27,13758.48,-191.21,1059.33,1059.33,0,3185.5,18737.47,-324.96,141.72,141.72,0,6764.19,0,6931.41,6931.41,0,-261.7,-261.7,0,29.64,64.84,64.84,0,29602.14,-191.21,6635.85,6827.07,-191.21,1321.03,1321.03,0,3155.86,18737.47,-324.96,76.88,76.88
2019-09,3.63,0.28,4.82,4146149.23,1084753.97,3061395.26,4124158.1,3532.37,1719445.32,1715912.94,3532.37,536136.36,536136.36,0,493927.38,1310987.57,28426.97,35234.5,35234.5,0,1044065.43,0,937116.97,937116.97,0,23383.45,23383.45,0,64288.41,19276.6,19276.6,0,3080092.67,3532.37,782328.35,778795.98,3532.37,512752.91,512752.91,0,429638.97,1310987.57,28426.97,15957.9,15957.9,0,1635131.96,1175436.93,12489.88,253.43,12236.46,14296.09,-182.77,1687.91,1870.67,-182.77,-70.7,-70.7,0,2189.37,10845.75,-298.41,-57.82,-57.82,0,-3936.01,0,-4311.44,-4311.44,0,110.95,110.95,0,348.68,-84.2,-84.2,0,18232.11,-182.77,5999.35,6182.11,-182.77,-181.65,-181.65,0,1840.69,10845.75,-298.41,26.37,26.37
2019-10,5.03,3.43,5.6,4163539.05,1087857.92,3075681.13,4139141.59,3388.32,1730663.92,1727275.6,3388.32,536396.05,536396.05,0,494493.73,1314296.4,28050.62,35240.86,35240.86,0,1049759.39,0,943339.86,943339.86,0,22881.59,22881.59,0,64220.37,19317.57,19317.57,0,3089382.2,3388.32,787324.06,783935.74,3388.32,513514.46,513514.46,0,430273.36,1314296.4,28050.62,15923.3,15923.3,0,ND,ND,17389.82,3103.94,14285.88,14983.49,-144.05,11218.6,11362.65,-144.05,259.69,259.69,0,566.35,3308.83,-376.34,6.36,6.36,0,5693.96,0,6222.89,6222.89,0,-501.86,-501.86,0,-68.03,40.97,40.97,0,9289.53,-144.05,4995.71,5139.76,-144.05,761.55,761.55,0,634.39,3308.83,-376.34,-34.61,-34.61
2019-11,0.13,-11.79,4.35,4163995.16,1077171.4,3086823.76,4151315.52,3251.12,1742366.25,1739115.13,3251.12,536081.74,536081.74,0,493432.79,1316158.86,27748.07,35527.82,35527.82,0,1058862.97,0,952592.68,952592.68,0,22364.52,22364.52,0,64248.97,19656.79,19656.79,0,3092452.56,3251.12,789773.57,786522.45,3251.12,513717.22,513717.22,0,429183.81,1316158.86,27748.07,15871.03,15871.03,0,ND,ND,456.12,-10686.52,11142.63,12173.94,-137.2,11702.33,11839.53,-137.2,-314.31,-314.31,0,-1060.94,1862.45,-302.56,286.96,286.96,0,9103.58,0,9252.82,9252.82,0,-517.07,-517.07,0,28.6,339.23,339.23,0,3070.36,-137.2,2449.51,2586.71,-137.2,202.76,202.76,0,-1089.54,1862.45,-302.56,-52.27,-52.27
2019-12,8.13,16.51,5.2,4192191.44,1091988.96,3100202.47,4192191.44,3110.2,1774082.24,1770972.04,3110.2,537731.75,537731.75,0,498034.03,1319245.46,27271.97,35826,35826,0,1091988.96,0,983597.05,983597.05,0,21853.06,21853.06,0,66547.86,19991,19991,0,3100202.47,3110.2,790485.19,787374.99,3110.2,515878.69,515878.69,0,431486.16,1319245.46,27271.97,15835,15835,0,1637880.7,1184141.51,28196.28,14817.56,13378.71,40875.92,-140.93,31715.99,31856.91,-140.93,1650.01,1650.01,0,4601.24,3086.6,-476.1,298.18,298.18,0,33126,0,31004.37,31004.37,0,-511.46,-511.46,0,2298.89,334.21,334.21,0,7749.92,-140.93,711.62,852.54,-140.93,2161.48,2161.48,0,2302.35,3086.6,-476.1,-36.03,-36.03
2020-01,4.3,3.85,4.46,4207213.4,1095488.06,3111725.34,4194583.25,2998.21,1754039.16,1751040.94,2998.21,535220.07,535220.07,0,497225.68,1345649.32,27052.62,35396.41,35396.41,0,1065657.89,0,960002.64,960002.64,0,20919.6,20919.6,0,65271.52,19464.13,19464.13,0,3128925.36,2998.21,794036.51,791038.3,2998.21,514300.47,514300.47,0,431954.16,1345649.32,27052.62,15932.28,15932.28,0,ND,ND,15021.96,3499.09,11522.87,2391.82,-111.99,-20043.08,-19931.1,-111.99,-2511.68,-2511.68,0,-808.34,26403.86,-219.35,-429.59,-429.59,0,-26331.07,0,-23594.41,-23594.41,0,-933.45,-933.45,0,-1276.34,-526.87,-526.87,0,28722.89,-111.99,3551.32,3663.31,-111.99,-1578.23,-1578.23,0,468,26403.86,-219.35,97.29,97.29
2020-02,3.82,5.32,3.29,4220609.59,1100349.16,3120260.43,4179925.52,2894.24,1739742.96,1736848.72,2894.24,531076.43,531076.43,0,496361.8,1350963.32,26800.68,34980.33,34980.33,0,1050410.97,0,946094.85,946094.85,0,19995.42,19995.42,0,65239.81,19080.88,19080.88,0,3129514.55,2894.24,793648.11,790753.87,2894.24,511081.01,511081.01,0,431121.99,1350963.32,26800.68,15899.45,15899.45,0,ND,ND,13396.19,4861.11,8535.09,-14657.73,-103.97,-14296.19,-14192.22,-103.97,-4143.64,-4143.64,0,-863.89,5314,-251.93,-416.08,-416.08,0,-15246.93,0,-13907.79,-13907.79,0,-924.18,-924.18,0,-31.71,-383.24,-383.24,0,589.19,-103.97,-388.4,-284.43,-103.97,-3219.46,-3219.46,0,-832.18,5314,-251.93,-32.84,-32.84
2020-03,-5.52,-25.72,1.6,4205893.06,1081465.33,3124427.73,4147839.43,2783.43,1712659.42,1709875.99,2783.43,528538.18,528538.18,0,495196.85,1350598.17,26126.42,34720.4,34720.4,0,1022015.89,0,919120.97,919120.97,0,19099.47,19099.47,0,64923.12,18872.34,18872.34,0,3125823.53,2783.43,793538.45,790755.02,2783.43,509438.7,509438.7,0,430273.73,1350598.17,26126.42,15848.06,15848.06,0,1671968.77,1183908.73,-19416.53,-23583.83,4167.31,-36786.09,-110.82,-31783.54,-31672.73,-110.82,-2538.25,-2538.25,0,-1164.95,-365.15,-674.26,-259.93,-259.93,0,-33095.07,0,-31673.88,-31673.88,0,-895.95,-895.95,0,-316.69,-208.54,-208.54,0,-3691.02,-110.82,-109.66,1.15,-110.82,-1642.31,-1642.31,0,-848.26,-365.15,-674.26,-51.38,-51.38
2020-04,-18.15,-63.52,-2.45,4142276.28,1024216.18,3118060.1,4086502.84,2686.89,1656087.81,1653400.92,2686.89,526595.77,526595.77,0,491526.93,1352236.39,25373.78,34682.16,34682.16,0,967281.97,0,867508.05,867508.05,0,18834.63,18834.63,0,62090.15,18849.15,18849.15,0,3119220.86,2686.89,788579.76,785892.87,2686.89,507761.15,507761.15,0,429436.78,1352236.39,25373.78,15833.01,15833.01,0,ND,ND,-63616.79,-57249.15,-6367.64,-61336.59,-96.54,-56571.61,-56475.07,-96.54,-1942.4,-1942.4,0,-3669.92,1638.22,-752.64,-38.24,-38.24,0,-54733.92,0,-51612.92,-51612.92,0,-264.85,-264.85,0,-2832.97,-23.19,-23.19,0,-6602.67,-96.54,-4958.69,-4862.16,-96.54,-1677.56,-1677.56,0,-836.95,1638.22,-752.64,-15.05,-15.05
2020-05,-5.37,-29.78,2.64,4123726.83,998796.2,3124930.63,4080793.47,2587.47,1643445.76,1640858.29,2587.47,530327.38,530327.38,0,492108.55,1354820.79,25257.77,34833.23,34833.23,0,954229.52,0,855533.12,855533.12,0,18552.67,18552.67,0,61138.13,19005.61,19005.61,0,3126563.94,2587.47,787912.65,785325.18,2587.47,511774.71,511774.71,0,430970.42,1354820.79,25257.77,15827.62,15827.62,0,ND,ND,-18549.45,-25419.98,6870.53,-5709.37,-99.42,-12642.05,-12542.63,-99.42,3731.6,3731.6,0,581.62,2584.4,-116.01,151.07,151.07,0,-13052.45,0,-11974.94,-11974.94,0,-281.96,-281.96,0,-952.02,156.46,156.46,0,7343.08,-99.42,-667.11,-567.69,-99.42,4013.56,4013.56,0,1533.64,2584.4,-116.01,-5.39,-5.39
2020-06,4.33,-5.6,7.5,4138607.19,994134.72,3144472.47,4097390.81,2491.73,1646891.75,1644400.02,2491.73,536369.7,536369.7,0,498296.05,1355774.25,25133.99,34925.07,34925.07,0,952701.32,0,853945.03,853945.03,0,18260.5,18260.5,0,61396.49,19099.31,19099.31,0,3144689.48,2491.73,792946.73,790454.99,2491.73,518109.21,518109.21,0,436899.56,1355774.25,25133.99,15825.76,15825.76,0,1672503.14,1197423.2,14880.36,-4661.48,19541.84,16597.34,-95.73,3445.99,3541.73,-95.73,6042.33,6042.33,0,6187.5,953.46,-123.78,91.84,91.84,0,-1528.2,0,-1588.09,-1588.09,0,-292.17,-292.17,0,258.36,93.7,93.7,0,18125.54,-95.73,5034.08,5129.82,-95.73,6334.5,6334.5,0,5929.14,953.46,-123.78,-1.86,-1.86
2020-07,4.87,-2.59,7.22,4155392.51,991989.34,3163403.17,4110295.97,2409.21,1650067.32,1647658.11,2409.21,541625.57,541625.57,0,501791.49,1357074.4,24827.51,34909.68,34909.68,0,950145.04,0,852333.68,852333.68,0,17829.83,17829.83,0,60881.39,19100.14,19100.14,0,3160150.93,2409.21,797733.64,795324.43,2409.21,523795.73,523795.73,0,440910.1,1357074.4,24827.51,15809.54,15809.54,0,ND,ND,16785.32,-2145.38,18930.7,12905.16,-82.52,3175.56,3258.09,-82.52,5255.86,5255.86,0,3495.44,1300.15,-306.47,-15.39,-15.39,0,-2556.28,0,-1611.35,-1611.35,0,-430.67,-430.67,0,-515.1,0.83,0.83,0,15461.44,-82.52,4786.91,4869.44,-82.52,5686.53,5686.53,0,4010.54,1300.15,-306.47,-16.22,-16.22
2020-08,-1.57,-12.46,1.84,4149938.58,981690.66,3168247.92,4125565.7,2327.17,1648284.77,1645957.6,2327.17,544634.28,544634.28,0,501483.77,1371504.37,24564,35094.51,35094.51,0,945792.6,0,847830.64,847830.64,0,17377.89,17377.89,0,61377.81,19206.26,19206.26,0,3179773.1,2327.17,800454.13,798126.96,2327.17,527256.39,527256.39,0,440105.96,1371504.37,24564,15888.25,15888.25,0,ND,ND,-5453.93,-10298.68,4844.75,15269.73,-82.04,-1782.55,-1700.51,-82.04,3008.72,3008.72,0,-307.72,14429.97,-263.52,184.83,184.83,0,-4352.44,0,-4503.03,-4503.03,0,-451.94,-451.94,0,496.42,106.12,106.12,0,19622.17,-82.04,2720.49,2802.53,-82.04,3460.66,3460.66,0,-804.14,14429.97,-263.52,78.71,78.71
2020-09,4.39,3.23,4.76,4165136.21,984333.83,3180802.38,4142706.29,2247.77,1651425.75,1649177.98,2247.77,548629.44,548629.44,0,503870.02,1379411.35,24282.95,35086.79,35086.79,0,943793.84,0,846598.96,846598.96,0,16915.85,16915.85,0,61116.92,19162.11,19162.11,0,3198912.45,2247.77,804826.79,802579.02,2247.77,531713.59,531713.59,0,442753.1,1379411.35,24282.95,15924.68,15924.68,0,1696474.62,1218443.28,15197.62,2643.17,12554.46,17140.59,-79.4,3140.98,3220.38,-79.4,3995.15,3995.15,0,2386.25,7906.98,-281.05,-7.72,-7.72,0,-1998.76,0,-1231.68,-1231.68,0,-462.04,-462.04,0,-260.89,-44.15,-44.15,0,19139.35,-79.4,4372.66,4452.06,-79.4,4457.2,4457.2,0,2647.13,7906.98,-281.05,36.43,36.43
2020-10,1.24,-4.76,3.1,4169450.62,980425.8,3189024.82,4144522.5,2116.43,1651610.15,1649493.72,2116.43,549156.18,549156.18,0,503925.48,1380461.91,24229.54,35139.24,35139.24,0,941946.27,0,844766.54,844766.54,0,16968.81,16968.81,0,60973.92,19236.98,19236.98,0,3202576.23,2116.43,806843.61,804727.17,2116.43,532187.36,532187.36,0,442951.55,1380461.91,24229.54,15902.26,15902.26,0,ND,ND,4314.41,-3908.03,8222.45,1816.2,-131.34,184.4,315.74,-131.34,526.74,526.74,0,55.46,1050.56,-53.41,52.45,52.45,0,-1847.58,0,-1832.42,-1832.42,0,52.96,52.96,0,-143,74.87,74.87,0,3663.78,-131.34,2016.82,2148.15,-131.34,473.78,473.78,0,198.46,1050.56,-53.41,-22.42,-22.42
2020-11,0.26,-9.93,3.39,4170351.76,972316.03,3198035.73,4159794.18,1989.33,1663909.54,1661920.21,1989.33,551806.42,551806.42,0,504031.19,1380376.33,24165.19,35505.51,35505.51,0,955198.3,0,856789.3,856789.3,0,17014.49,17014.49,0,61752.98,19641.53,19641.53,0,3204595.88,1989.33,807120.25,805130.91,1989.33,534791.92,534791.92,0,442278.22,1380376.33,24165.19,15863.97,15863.97,0,ND,ND,901.14,-8109.77,9010.91,15271.68,-127.1,12299.39,12426.49,-127.1,2650.24,2650.24,0,105.71,-85.58,-64.34,366.26,366.26,0,13252.03,0,12022.75,12022.75,0,45.68,45.68,0,779.05,404.55,404.55,0,2019.65,-127.1,276.64,403.74,-127.1,2604.56,2604.56,0,-673.34,-85.58,-64.34,-38.29,-38.29
2020-12,4.17,2.81,4.59,4184852.49,974594.44,3210258.05,4184852.49,1861.66,1687471.61,1685609.96,1861.66,551403.64,551403.64,0,505100.77,1380988.44,24062.03,35826,35826,0,974594.44,0,875258.99,875258.99,0,17068.17,17068.17,0,62276.29,19991,19991,0,3210258.05,1861.66,812212.63,810350.97,1861.66,534335.47,534335.47,0,442824.48,1380988.44,24062.03,15835,15835,0,1693860.24,1224446.73,14500.73,2278.42,12222.32,25058.31,-127.68,23562.07,23689.75,-127.68,-402.77,-402.77,0,1069.57,612.11,-103.17,320.49,320.49,0,19396.14,0,18469.69,18469.69,0,53.68,53.68,0,523.31,349.47,349.47,0,5662.17,-127.68,5092.38,5220.06,-127.68,-456.45,-456.45,0,546.27,612.11,-103.17,-28.97,-28.97
2021-01,3.19,-3.52,5.22,4195962.14,971735.59,3224226.55,4181220.81,1859.09,1659528.26,1657669.17,1859.09,556622.77,556622.77,0,503505.33,1402185.49,24008.8,35370.15,35370.15,0,940127.55,0,843464.46,843464.46,0,16543.71,16543.71,0,60674.14,19445.24,19445.24,0,3241093.26,1859.09,816063.8,814204.71,1859.09,540079.07,540079.07,0,442831.19,1402185.49,24008.8,15924.91,15924.91,0,ND,ND,11109.65,-2858.86,13968.51,-3631.68,-2.56,-27943.35,-27940.79,-2.56,5219.13,5219.13,0,-1595.43,21197.05,-53.22,-455.85,-455.85,0,-34466.9,0,-31794.52,-31794.52,0,-524.46,-524.46,0,-1602.15,-545.76,-545.76,0,30835.21,-2.56,3851.17,3853.74,-2.56,5743.59,5743.59,0,6.71,21197.05,-53.22,89.91,89.91
2021-02,4.98,3.77,5.34,4213366.92,974790.51,3238576.41,4171494.32,1860.08,1643838.06,1641977.98,1860.08,554394.88,554394.88,0,506528.71,1407827.03,23937.79,34967.85,34967.85,0,922999.33,0,827556.31,827556.31,0,16044.24,16044.24,0,60327.6,19071.18,19071.18,0,3248494.99,1860.08,816281.75,814421.66,1860.08,538350.64,538350.64,0,446201.11,1407827.03,23937.79,15896.66,15896.66,0,ND,ND,17404.78,3054.92,14349.85,-9726.48,0.99,-15690.2,-15691.19,0.99,-2227.89,-2227.89,0,3023.38,5641.54,-71.01,-402.3,-402.3,0,-17128.21,0,-15908.15,-15908.15,0,-499.47,-499.47,0,-346.54,-374.05,-374.05,0,7401.73,0.99,217.95,216.95,0.99,-1728.42,-1728.42,0,3369.92,5641.54,-71.01,-28.25,-28.25
2021-03,3.34,-3.8,5.49,4225091.81,971706.02,3253385.79,4167219.11,1861.18,1635057.15,1633195.97,1861.18,560545.14,560545.14,0,502939.95,1410110.45,23837.33,34729.07,34729.07,0,911156.34,0,817575.98,817575.98,0,15571.39,15571.39,0,59130.61,18878.36,18878.36,0,3256062.77,1861.18,817481.17,815619.99,1861.18,544973.76,544973.76,0,443809.34,1410110.45,23837.33,15850.72,15850.72,0,1718706.55,1240755.67,11724.89,-3084.49,14809.39,-4275.21,1.1,-8780.91,-8782.01,1.1,6150.26,6150.26,0,-3588.76,2283.42,-100.46,-238.77,-238.77,0,-11843,0,-9980.34,-9980.34,0,-472.85,-472.85,0,-1196.98,-192.83,-192.83,0,7567.78,1.1,1199.43,1198.33,1.1,6623.11,6623.11,0,-2391.77,2283.42,-100.46,-45.95,-45.95
2021-04,4.92,-0.78,6.63,4242424.22,971071,3271353.21,4186803.69,1809.32,1646157.15,1644347.83,1809.32,567700.68,567700.68,0,503414.33,1411221.52,23616.32,34693.69,34693.69,0,913545.72,0,820749.33,820749.33,0,15569.36,15569.36,0,58371.57,18855.46,18855.46,0,3273257.97,1809.32,825407.82,823598.5,1809.32,552131.33,552131.33,0,445042.77,1411221.52,23616.32,15838.22,15838.22,0,ND,ND,17332.41,-635.01,17967.42,19584.58,-51.87,11100,11151.86,-51.87,7155.54,7155.54,0,474.38,1111.06,-221.01,-35.39,-35.39,0,2389.38,0,3173.35,3173.35,0,-2.03,-2.03,0,-759.05,-22.89,-22.89,0,17195.2,-51.87,7926.64,7978.51,-51.87,7157.57,7157.57,0,1233.43,1111.06,-221.01,-12.5,-12.5
2021-05,8.77,10.39,8.29,4273441.19,979479.2,3293961.98,4229651.12,1755.72,1675868.19,1674112.46,1755.72,570322.5,570322.5,0,512511.22,1412709.97,23402.46,34836.78,34836.78,0,934189.45,0,839517.33,839517.33,0,15517.05,15517.05,0,60153.83,19001.24,19001.24,0,3295461.67,1755.72,836350.85,834595.13,1755.72,554805.46,554805.46,0,452357.39,1412709.97,23402.46,15835.54,15835.54,0,ND,ND,31016.97,8408.2,22608.77,42847.43,-53.59,29711.04,29764.63,-53.59,2621.82,2621.82,0,9096.89,1488.46,-213.87,143.1,143.1,0,20643.73,0,18768,18768,0,-52.31,-52.31,0,1782.26,145.78,145.78,0,22203.7,-53.59,10943.03,10996.63,-53.59,2674.13,2674.13,0,7314.63,1488.46,-213.87,-2.68,-2.68
2021-06,7.66,16.53,5.02,4426566.29,1006253.27,3420313.02,4385184.73,1703.86,1702566.84,1700862.98,1703.86,698128.86,698128.86,0,512421.71,1413925.81,23186.1,34955.41,34955.41,0,964816.82,0,856675,856675,0,28712.32,28712.32,0,60311.87,19117.63,19117.63,0,3420367.91,1703.86,845891.84,844187.98,1703.86,669416.54,669416.54,0,452109.84,1413925.81,23186.1,15837.78,15837.78,0,1719067.5,1353123.44,27266,13492.13,13773.86,29674.5,-51.87,26698.65,26750.52,-51.87,1947.25,1947.25,0,-89.51,1215.83,-216.35,118.63,118.63,0,17345.43,0,17157.67,17157.67,0,-86.66,-86.66,0,158.04,116.39,116.39,0,12329.06,-51.87,9540.98,9592.85,-51.87,2033.91,2033.91,0,-247.55,1215.83,-216.35,2.24,2.24
2021-07,4.89,6.35,4.46,4444601.17,1011578.58,3433022.59,4398385.21,1642.45,1713057.73,1711415.28,1642.45,697338.24,697338.24,0,514628.95,1415374.3,23052.07,34933.92,34933.92,0,969936.41,0,861556.88,861556.88,0,28378.86,28378.86,0,60881.48,19119.2,19119.2,0,3428448.81,1642.45,851500.86,849858.4,1642.45,668959.38,668959.38,0,453747.48,1415374.3,23052.07,15814.73,15814.73,0,ND,ND,18034.87,5325.31,12709.56,13200.49,-61.4,10490.89,10552.3,-61.4,-790.62,-790.62,0,2207.25,1448.49,-134.04,-21.49,-21.49,0,5119.59,0,4881.87,4881.87,0,-333.46,-333.46,0,569.61,1.57,1.57,0,8080.9,-61.4,5609.02,5670.42,-61.4,-457.16,-457.16,0,1637.64,1448.49,-134.04,-23.06,-23.06
2021-08,4.32,2.61,4.82,4460588.36,1013782.7,3446805.66,4434704.27,1581.05,1730720.16,1729139.11,1581.05,697433.4,697433.4,0,519101.7,1429425.4,22910.38,35113.23,35113.23,0,978883.97,0,870066.47,870066.47,0,28002.78,28002.78,0,61587.83,19226.9,19226.9,0,3455820.3,1581.05,860653.69,859072.64,1581.05,669430.62,669430.62,0,457513.87,1429425.4,22910.38,15886.34,15886.34,0,ND,ND,15987.19,2204.12,13783.07,36319.05,-61.4,17662.43,17723.83,-61.4,95.16,95.16,0,4472.74,14051.1,-141.69,179.31,179.31,0,8947.57,0,8509.59,8509.59,0,-376.08,-376.08,0,706.35,107.7,107.7,0,27371.49,-61.4,9152.84,9214.24,-61.4,471.24,471.24,0,3766.39,14051.1,-141.69,71.61,71.61
2021-09,6.26,13.01,4.28,4483874.65,1024771.54,3459103.11,4460186.6,1522.29,1743298.23,1741775.94,1522.29,700681.09,700681.09,0,521988.42,1436410.88,22713.87,35094.1,35094.1,0,984448.98,0,876002.97,876002.97,0,27603.77,27603.77,0,61667.8,19174.45,19174.45,0,3475737.62,1522.29,867295.26,865772.98,1522.29,673077.33,673077.33,0,460320.63,1436410.88,22713.87,15919.65,15919.65,0,1739443.83,1378860.23,23286.3,10988.85,12297.45,25482.33,-58.76,12578.07,12636.83,-58.76,3247.7,3247.7,0,2886.72,6985.48,-196.51,-19.13,-19.13,0,5565.01,0,5936.5,5936.5,0,-399.01,-399.01,0,79.97,-52.44,-52.44,0,19917.32,-58.76,6641.57,6700.33,-58.76,3646.71,3646.71,0,2806.76,6985.48,-196.51,33.31,33.31
2021-10,4.53,10.37,2.8,4500783.52,1033623.35,3467160.18,4474842.7,1484.1,1758441.07,1756956.97,1484.1,697639.56,697639.56,0,523367.07,1437739.01,22523.38,35132.6,35132.6,0,994445.01,0,886489.84,886489.84,0,26662.23,26662.23,0,62060.25,19232.7,19232.7,0,3480397.69,1484.1,871951.24,870467.14,1484.1,670977.33,670977.33,0,461306.83,1437739.01,22523.38,15899.91,15899.91,0,ND,ND,16908.87,8851.81,8057.07,14656.1,-38.18,15142.84,15181.03,-38.18,-3041.53,-3041.53,0,1378.65,1328.13,-190.49,38.5,38.5,0,9996.02,0,10486.87,10486.87,0,-941.54,-941.54,0,392.45,58.24,58.24,0,4660.08,-38.18,4655.98,4694.16,-38.18,-2100,-2100,0,986.2,1328.13,-190.49,-19.74,-19.74
2021-11,5.99,11.9,4.23,4523262.5,1043871.42,3479391.08,4515120.78,1447.79,1795825.75,1794377.96,1447.79,696179.62,696179.62,0,528618.57,1436702.09,22270.5,35524.25,35524.25,0,1027933.31,0,919011.5,919011.5,0,25689.42,25689.42,0,63575.62,19656.76,19656.76,0,3487187.47,1447.79,876814.24,875366.46,1447.79,670490.19,670490.19,0,465042.95,1436702.09,22270.5,15867.48,15867.48,0,ND,ND,22478.97,10248.07,12230.91,40278.08,-36.31,37384.68,37420.99,-36.31,-1459.94,-1459.94,0,5251.5,-1036.91,-252.88,391.65,391.65,0,33488.3,0,32521.67,32521.67,0,-972.8,-972.8,0,1515.37,424.07,424.07,0,6789.78,-36.31,4863.01,4899.32,-36.31,-487.14,-487.14,0,3736.13,-1036.91,-252.88,-32.42,-32.42
2021-12,6.7,11.1,5.39,4548529.89,1053523.81,3495006.08,4548529.89,1409.5,1827199.53,1825790.04,1409.5,695094.98,695094.98,0,532033.37,1436355.84,22036.7,35809.46,35809.46,0,1053523.81,0.19,944173.23,944173.04,0.19,24717.99,24717.99,0,64655.72,19976.87,19976.87,0,3495006.08,1409.31,883026.3,881616.99,1409.31,670376.99,670376.99,0,467377.65,1436355.84,22036.7,15832.59,15832.59,0,1733415.18,1392702.22,25267.4,9652.4,15615,33409.11,-38.29,31373.79,31412.08,-38.29,-1084.63,-1084.63,0,3414.8,-346.25,-233.8,285.21,285.21,0,25590.5,0.19,25161.73,25161.54,0.19,-971.43,-971.43,0,1080.1,320.11,320.11,0,7818.61,-38.48,6212.06,6250.54,-38.48,-113.2,-113.2,0,2334.7,-346.25,-233.8,-34.9,-34.9
2022-01,4.09,10.45,2.18,4564039.97,1062695.16,3501344.81,4547850.48,1356.13,1809648.71,1808292.58,1356.13,692575.4,692575.4,0,534098.65,1454368.92,21827.79,35331.01,35331.01,0,1029612.37,4.13,921459.77,921455.64,4.13,24356.29,24356.29,0,64382.05,19414.25,19414.25,0,3518238.11,1351.99,888188.94,886836.94,1351.99,668219.11,668219.11,0,469716.59,1454368.92,21827.79,15916.76,15916.76,0,ND,ND,15510.08,9171.35,6338.73,-679.41,-53.37,-17550.82,-17497.45,-53.37,-2519.59,-2519.59,0,2065.28,18013.08,-208.92,-478.45,-478.45,0,-23911.45,3.94,-22713.46,-22717.4,3.94,-361.71,-361.71,0,-273.66,-562.62,-562.62,0,23232.03,-57.31,5162.64,5219.95,-57.31,-2157.88,-2157.88,0,2338.94,18013.08,-208.92,84.17,84.17
2022-02,8.32,13.52,6.73,4595667.53,1074671.52,3520996.01,4552969.64,1307.23,1807065.96,1805758.74,1307.23,695225.23,695225.23,0,539730.28,1454478.16,21527.1,34942.9,34942.9,0,1021228.84,7.87,914100.37,914092.5,7.87,24027.2,24027.2,0,64051.33,19049.93,19049.93,0,3531740.8,1299.36,892965.59,891666.23,1299.36,671198.02,671198.02,0,475678.95,1454478.16,21527.1,15892.97,15892.97,0,ND,ND,31627.56,11976.36,19651.2,5119.16,-48.9,-2582.75,-2533.85,-48.9,2649.83,2649.83,0,5631.64,109.24,-300.68,-388.11,-388.11,0,-8383.53,3.73,-7359.4,-7363.13,3.73,-329.09,-329.09,0,-330.72,-364.32,-364.32,0,13502.69,-52.63,4776.65,4829.29,-52.63,2978.91,2978.91,0,5962.36,109.24,-300.68,-23.79,-23.79
2022-03,10.1,25,5.55,4634349.29,1097061.54,3537287.75,4576981.99,1256.39,1830907.37,1829650.98,1256.39,687826.55,687826.55,0,547249.01,1454955.26,21317.52,34726.27,34726.27,0,1035675.52,12.14,928215.1,928202.96,12.14,23739.62,23739.62,0,64846.13,18874.67,18874.67,0,3541306.48,1244.25,902692.28,901448.03,1244.25,664086.93,664086.93,0,482402.88,1454955.26,21317.52,15851.61,15851.61,0,1747455.51,1410556.54,38681.76,22390.03,16291.74,24012.35,-50.84,23841.41,23892.25,-50.84,-7398.68,-7398.68,0,7518.72,477.1,-209.58,-216.63,-216.63,0,14446.68,4.27,14114.73,14110.45,4.27,-287.58,-287.58,0,794.8,-175.27,-175.27,0,9565.67,-55.11,9726.69,9781.79,-55.11,-7111.1,-7111.1,0,6723.92,477.1,-209.58,-41.36,-41.36
2022-04,7.53,13.78,5.59,4663413.74,1109659.84,3553753.9,4608121,1316.26,1856343.37,1855027.11,1316.26,685621.93,685621.93,0,556227.03,1454189.35,21037.09,34702.22,34702.22,0,1051732.44,20.9,944151.31,944130.41,20.9,23312.06,23312.06,0,65410.13,18858.93,18858.93,0,3556388.56,1295.36,912192.06,910896.7,1295.36,662309.87,662309.87,0,490816.9,1454189.35,21037.09,15843.29,15843.29,0,ND,ND,29064.45,12598.29,16466.16,31139,59.87,25436,25376.13,59.87,-2204.62,-2204.62,0,8978.02,-765.92,-280.43,-24.05,-24.05,0,16056.92,8.76,15936.22,15927.45,8.76,-427.56,-427.56,0,564,-15.74,-15.74,0,15082.08,51.11,9499.78,9448.67,51.11,-1777.05,-1777.05,0,8414.02,-765.92,-280.43,-8.32,-8.32
2022-05,8.11,9.96,7.54,4694944.06,1118873.11,3576070.95,4649634.64,1381.54,1881205.38,1879823.84,1381.54,683627.57,683627.57,0,572846.67,1456361.92,20751.63,34841.47,34841.47,0,1073007.79,30.1,964255.46,964225.36,30.1,22820.47,22820.47,0,66929.77,19002.08,19002.08,0,3576626.85,1351.44,916949.92,915598.48,1351.44,660807.1,660807.1,0,505916.9,1456361.92,20751.63,15839.39,15839.39,0,ND,ND,31530.32,9213.27,22317.05,41513.64,65.28,24862.01,24796.73,65.28,-1994.36,-1994.36,0,16619.64,2172.58,-285.46,139.25,139.25,0,21275.35,9.2,20104.15,20094.95,9.2,-491.59,-491.59,0,1519.64,143.15,143.15,0,20238.3,56.08,4757.86,4701.78,56.08,-1502.78,-1502.78,0,15100,2172.58,-285.46,-3.9,-3.9
2022-06,10.75,22.84,6.97,4737011.71,1140166,3596845.71,4694137.54,1450.69,1915051.64,1913600.95,1450.69,682165.56,682165.56,0,584371.96,1457099.79,20463.71,34984.89,34984.89,0,1098451.15,39.09,989307.05,989267.96,39.09,22284.27,22284.27,0,67720.62,19139.21,19139.21,0,3595686.4,1411.6,925744.59,924332.99,1411.6,659881.3,659881.3,0,516651.34,1457099.79,20463.71,15845.68,15845.68,0,1744007,1445193.94,42067.65,21292.89,20774.76,44502.91,69.15,33846.26,33777.11,69.15,-1462.01,-1462.01,0,11525.29,737.87,-287.92,143.42,143.42,0,25443.36,8.99,25051.59,25042.6,8.99,-536.21,-536.21,0,790.85,137.13,137.13,0,19059.54,60.16,8794.67,8734.51,60.16,-925.8,-925.8,0,10734.44,737.87,-287.92,6.28,6.28
2022-07,6.52,11.65,4.89,4762747.89,1151239.3,3611508.59,4714423.44,1726.41,1925576.18,1923849.77,1726.41,680180.81,680180.81,0,596071.2,1457486.3,20158.74,34950.21,34950.21,0,1109368.8,51.47,999154.81,999103.34,51.47,22109.89,22109.89,0,68970.88,19133.22,19133.22,0,3605054.64,1674.94,926421.37,924746.43,1674.94,658070.93,658070.93,0,527100.32,1457486.3,20158.74,15816.99,15816.99,0,ND,ND,25736.18,11073.3,14662.88,20285.9,275.72,10524.54,10248.82,275.72,-1984.75,-1984.75,0,11699.24,386.51,-304.97,-34.68,-34.68,0,10917.65,12.38,9847.76,9835.38,12.38,-174.38,-174.38,0,1250.26,-5.99,-5.99,0,9368.25,263.35,676.78,413.44,263.35,-1810.37,-1810.37,0,10448.98,386.51,-304.97,-28.69,-28.69
2022-08,6.63,12.72,4.69,4789070.47,1163439.95,3625630.53,4760905.57,2008.12,1950837.86,1948829.74,2008.12,678915.01,678915.01,0,604737.23,1471474.17,19814.21,35127.08,35127.08,0,1129250.9,63.93,1018241.51,1018177.57,63.93,21909.79,21909.79,0,69855.65,19243.95,19243.95,0,3631654.67,1944.18,932596.35,930652.16,1944.18,657005.22,657005.22,0,534881.58,1471474.17,19814.21,15883.14,15883.14,0,ND,ND,26322.58,12200.65,14121.93,46482.12,281.71,25261.67,24979.97,281.71,-1265.8,-1265.8,0,8666.04,13987.86,-344.52,176.87,176.87,0,19882.1,12.47,19086.7,19074.23,12.47,-200.09,-200.09,0,884.77,110.72,110.72,0,26600.02,269.24,6174.98,5905.74,269.24,-1065.71,-1065.71,0,7781.26,13987.86,-344.52,66.15,66.15
2022-09,6.57,10.41,5.34,4815292.73,1173534.37,3641758.36,4789400.71,2278.72,1959763.67,1957484.96,2278.72,679636.77,679636.77,0,616318.82,1479133.65,19455.43,35092.37,35092.37,0,1133122.1,75.84,1021865.8,1021789.96,75.84,21714.13,21714.13,0,70363.57,19178.59,19178.59,0,3656278.62,2202.87,937897.87,935695,2202.87,657922.64,657922.64,0,545955.25,1479133.65,19455.43,15913.78,15913.78,0,1761742,1476904.87,26222.25,10094.42,16127.83,28495.15,270.6,8925.82,8655.22,270.6,721.76,721.76,0,11581.59,7659.49,-358.79,-34.71,-34.71,0,3871.2,11.91,3624.3,3612.39,11.91,-195.67,-195.67,0,507.92,-65.35,-65.35,0,24623.95,258.69,5301.52,5042.83,258.69,917.42,917.42,0,11073.67,7659.49,-358.79,30.64,30.64
2022-10,8.32,15.33,6.07,4848691.41,1188523.39,3660168.02,4821195.71,2518.58,1977694.59,1975176,2518.58,681574.41,681574.41,0,621537.91,1485999.12,19271.19,35118.49,35118.49,0,1148586.36,85.1,1036107.31,1036022.21,85.1,21910.79,21910.79,0,71347.23,19221.04,19221.04,0,3672609.35,2433.48,941587.28,939153.8,2433.48,659663.63,659663.63,0,550190.68,1485999.12,19271.19,15897.45,15897.45,0,ND,ND,33398.68,14989.02,18409.66,31795,239.87,17930.91,17691.05,239.87,1937.65,1937.65,0,5219.09,6865.47,-184.24,26.12,26.12,0,15464.27,9.25,14241.5,14232.25,9.25,196.66,196.66,0,983.66,42.45,42.45,0,16330.73,230.61,3689.41,3458.8,230.61,1740.99,1740.99,0,4235.43,6865.47,-184.24,-16.33,-16.33
2022-11,6.34,12.1,4.46,4874294.3,1200510.16,3673784.14,4868565.58,2748.75,2010095.42,2007346.66,2748.75,682814.11,682814.11,0,629119.59,1492077.99,18917.64,35540.82,35540.82,0,1185932.94,93.9,1070917.57,1070823.67,93.9,22075.55,22075.55,0,73270.21,19669.61,19669.61,0,3682632.63,2654.85,939177.84,936522.99,2654.85,660738.57,660738.57,0,555849.38,1492077.99,18917.64,15871.21,15871.21,0,ND,ND,25602.89,11986.77,13616.12,47369.87,230.17,32400.83,32170.66,230.17,1239.7,1239.7,0,7581.68,6078.87,-353.55,422.33,422.33,0,37346.58,8.8,34810.27,34801.46,8.8,164.76,164.76,0,1922.98,448.57,448.57,0,10023.28,221.37,-2409.44,-2630.8,221.37,1074.94,1074.94,0,5658.7,6078.87,-353.55,-26.24,-26.24
2022-12,4.91,12.08,2.56,4894222.53,1212597.84,3681624.69,4894222.53,2973.88,2032822.87,2029848.99,2973.88,682713.52,682713.52,0,636706.63,1487313.18,18875.33,35791,35791,0,1212597.84,102.78,1095686.8,1095584.01,102.78,22253.27,22253.27,0,74697.6,19960.18,19960.18,0,3681624.69,2871.1,937136.07,934264.97,2871.1,660460.26,660460.26,0,562009.03,1487313.18,18875.33,15830.83,15830.83,0,1764067.41,1499493.26,19928.23,12087.68,7840.55,25656.95,225.13,22727.45,22502.32,225.13,-100.59,-100.59,0,7587.04,-4764.81,-42.31,250.18,250.18,0,26664.9,8.88,24769.22,24760.34,8.88,177.72,177.72,0,1427.39,290.56,290.56,0,-1007.94,216.25,-2041.77,-2258.02,216.25,-278.31,-278.31,0,6159.65,-4764.81,-42.31,-40.39,-40.39
2023-01,5.05,10.74,3.17,4914804.28,1223446.26,3691358.02,4897666.83,2994.48,2013368.54,2010374.07,2994.48,683557.91,683557.91,0,640017.34,1506520.35,18895.51,35307.17,35307.17,0,1189465.14,108.17,1073650.06,1073541.89,108.17,21673.58,21673.58,0,74747.16,19394.34,19394.34,0,3708201.69,2886.31,939718.48,936832.17,2886.31,661884.33,661884.33,0,565270.19,1506520.35,18895.51,15912.83,15912.83,0,ND,ND,20581.75,10848.42,9733.33,3444.3,20.59,-19454.33,-19474.92,20.59,844.39,844.39,0,3310.71,19207.18,20.18,-483.83,-483.83,0,-23132.7,5.38,-22036.73,-22042.12,5.38,-579.68,-579.68,0,49.56,-565.84,-565.84,0,26577,15.21,2582.41,2567.2,15.21,1424.07,1424.07,0,3261.16,19207.18,20.18,82.01,82.01
2023-02,2.78,5.08,2.02,4926181.55,1228621.81,3697559.74,4882984.8,3001.59,2000090.81,1997089.22,3001.59,683383.92,683383.92,0,641864.28,1503809.08,18907.73,34928.98,34928.98,0,1173967.66,112.83,1059232.31,1059119.48,112.83,21120.54,21120.54,0,74577.61,19037.2,19037.2,0,3709017.14,2888.76,940858.5,937969.75,2888.76,662263.38,662263.38,0,567286.67,1503809.08,18907.73,15891.78,15891.78,0,ND,ND,11377.27,5175.54,6201.72,-14682.03,7.11,-13277.73,-13284.84,7.11,-173.99,-173.99,0,1846.94,-2711.27,12.22,-378.19,-378.19,0,-15497.48,4.67,-14417.75,-14422.42,4.67,-553.04,-553.04,0,-169.55,-357.14,-357.14,0,815.45,2.45,1140.02,1137.57,2.45,379.05,379.05,0,2016.49,-2711.27,12.22,-21.05,-21.05
2023-03,4.23,11.71,1.74,4943531.58,1240616.17,3702915.41,4886710.71,3009.13,2002488.15,1999479.02,3009.13,686031.32,686031.32,0,644878.71,1499650.98,18935.36,34726.18,34726.18,0,1178903.81,117.95,1064781.95,1064664,117.95,20622.75,20622.75,0,74624.91,18874.2,18874.2,0,3707806.9,2891.18,937706.2,934815.02,2891.18,665408.57,665408.57,0,570253.8,1499650.98,18935.36,15851.98,15851.98,0,1774909.9,1516385.27,17350.03,11994.36,5355.67,3725.91,7.54,2397.34,2389.8,7.54,2647.4,2647.4,0,3014.43,-4158.1,27.63,-202.8,-202.8,0,4936.15,5.12,5549.64,5544.53,5.12,-497.79,-497.79,0,47.3,-163,-163,0,-1210.24,2.42,-3152.3,-3154.73,2.42,3145.19,3145.19,0,2967.13,-4158.1,27.63,-39.8,-39.8
2023-04,3.37,11.26,0.73,4957429.94,1252252.24,3705177.71,4902179.78,3010.03,2017550.84,2014540.81,3010.03,688288.8,688288.8,0,648946.3,1493616.81,19071.61,34705.43,34705.43,0,1194238.17,121.96,1079098.88,1078976.92,121.96,20725.92,20725.92,0,75554.13,18859.24,18859.24,0,3707941.61,2888.07,938451.96,935563.89,2888.07,667562.88,667562.88,0,573392.17,1493616.81,19071.61,15846.19,15846.19,0,ND,ND,13898.36,11636.06,2262.3,15469.07,0.9,15062.68,15061.79,0.9,2257.48,2257.48,0,4067.58,-6034.18,136.25,-20.75,-20.75,0,15334.36,4.01,14316.92,14312.92,4.01,103.17,103.17,0,929.22,-14.96,-14.96,0,134.72,-3.11,745.76,748.87,-3.11,2154.3,2154.3,0,3138.36,-6034.18,136.25,-5.79,-5.79
2023-05,1.34,7.71,-0.81,4962964.29,1260299.48,3702664.81,4915899.51,3010.61,2029600.4,2026589.79,3010.61,692567.22,692567.22,0,649030.24,1490826.29,19028.12,34847.24,34847.24,0,1213950.6,126.04,1097685.08,1097559.03,126.04,20781.06,20781.06,0,76478.88,19005.58,19005.58,0,3701948.91,2884.57,931915.32,929030.76,2884.57,671786.15,671786.15,0,572551.36,1490826.29,19028.12,15841.66,15841.66,0,ND,ND,5534.35,8047.24,-2512.9,13719.73,0.58,12049.56,12048.98,0.58,4278.42,4278.42,0,83.94,-2790.51,-43.49,141.81,141.81,0,19712.43,4.09,18586.2,18582.11,4.09,55.14,55.14,0,924.75,146.34,146.34,0,-5992.7,-3.51,-6536.63,-6533.13,-3.51,4223.28,4223.28,0,-840.81,-2790.51,-43.49,-4.53,-4.53
2023-06,5.69,5.74,5.67,4986476.6,1266324.03,3720152.57,4941702.32,3020.46,2037000.48,2033980.02,3020.46,706500.04,706500.04,0,653868.65,1490107.5,19222.07,35003.58,35003.58,0,1224219,129.83,1107282.87,1107153.05,129.83,20767.56,20767.56,0,77014.77,19153.79,19153.79,0,3717483.33,2890.63,929717.61,926826.98,2890.63,685732.47,685732.47,0,576853.88,1490107.5,19222.07,15849.79,15849.79,0,1761243.56,1535131.58,23512.31,6024.55,17487.76,25802.82,9.85,7400.08,7390.23,9.85,13932.82,13932.82,0,4838.42,-718.79,193.95,156.35,156.35,0,10268.4,3.78,9597.8,9594.01,3.78,-13.5,-13.5,0,535.89,148.21,148.21,0,15534.42,6.07,-2197.72,-2203.78,6.07,13946.32,13946.32,0,4302.52,-718.79,193.95,8.14,8.14
2023-07,3.01,8.9,1,4998973.84,1275715.98,3723257.85,4948249.02,3213.27,2041075.12,2037861.86,3213.27,710929.57,710929.57,0,657050.51,1485388.17,18848.87,34956.78,34956.78,0,1233388.77,130.34,1114987.6,1114857.26,130.34,20677.36,20677.36,0,78584.48,19139.33,19139.33,0,3714860.25,3082.93,926087.53,923004.6,3082.93,690252.21,690252.21,0,578466.03,1485388.17,18848.87,15817.44,15817.44,0,ND,ND,12497.24,9391.96,3105.28,6546.69,192.81,4074.64,3881.84,192.81,4429.54,4429.54,0,3181.85,-4719.33,-373.2,-46.81,-46.81,0,9169.77,0.51,7704.73,7704.22,0.51,-90.2,-90.2,0,1569.7,-14.46,-14.46,0,-2623.08,192.3,-3630.08,-3822.38,192.3,4519.73,4519.73,0,1612.15,-4719.33,-373.2,-32.35,-32.35
2023-08,-3.91,12.29,-9.46,4982699.81,1288780.36,3693919.45,4952302.89,3415.36,2065548.83,2062133.47,3415.36,715924.97,715924.97,0,659642.86,1456889.27,19163.68,35133.28,35133.28,0,1255166.47,130.67,1136147.49,1136016.82,130.67,20551.67,20551.67,0,79215.42,19251.89,19251.89,0,3697136.42,3284.69,929401.34,926116.65,3284.69,695373.31,695373.31,0,580427.43,1456889.27,19163.68,15881.39,15881.39,0,ND,ND,-16274.02,13064.38,-29338.4,4053.87,202.09,24473.7,24271.61,202.09,4995.4,4995.4,0,2592.35,-28498.9,314.81,176.5,176.5,0,21777.7,0.34,21159.89,21159.55,0.34,-125.7,-125.7,0,630.95,112.56,112.56,0,-17723.82,201.76,3313.81,3112.06,201.76,5121.1,5121.1,0,1961.41,-28498.9,314.81,63.95,63.95
2023-09,2.08,5.36,0.94,4991349.6,1294537.3,3696812.31,4962992.59,3841.17,2065206.23,2061365.06,3841.17,718694.81,718694.81,0,661435.27,1463066.99,19501.77,35087.52,35087.52,0,1253845.15,130.87,1135082.92,1134952.05,130.87,20416.75,20416.75,0,79167.77,19177.71,19177.71,0,3709147.44,3710.3,930123.31,926413.02,3710.3,698278.06,698278.06,0,582267.5,1463066.99,19501.77,15909.81,15909.81,0,1732575.35,1552310.27,8649.79,5756.93,2892.86,10689.7,425.81,-342.6,-768.4,425.81,2769.83,2769.83,0,1792.41,6177.72,338.09,-45.76,-45.76,0,-1321.32,0.2,-1064.57,-1064.77,0.2,-134.92,-134.92,0,-47.66,-74.18,-74.18,0,12011.02,425.61,721.98,296.36,425.61,2904.75,2904.75,0,1840.07,6177.72,338.09,28.42,28.42
2023-10,2.26,5.21,1.22,5000737.39,1300153.38,3700584,4972031.23,7976.39,2070634.63,2062658.24,7976.39,721497.42,721497.42,0,663516.21,1462000.28,19273.62,35109.07,35109.07,0,1259766.41,128.98,1139708.69,1139579.71,128.98,20599.72,20599.72,0,80244.27,19213.74,19213.74,0,3712264.82,7847.41,930925.94,923078.53,7847.41,700897.71,700897.71,0,583271.95,1462000.28,19273.62,15895.33,15895.33,0,ND,ND,9387.78,5616.09,3771.7,9038.65,4135.23,5428.4,1293.18,4135.23,2802.62,2802.62,0,2080.95,-1066.71,-228.15,21.55,21.55,0,5921.27,-1.89,4625.78,4627.67,-1.89,182.97,182.97,0,1076.5,36.02,36.02,0,3117.38,4137.12,802.63,-3334.49,4137.12,2619.65,2619.65,0,1004.45,-1066.71,-228.15,-14.47,-14.47
2023-11,4.38,13.35,1.22,5018975.81,1314617.56,3704358.25,5015150.47,12201.03,2111718.31,2099517.28,12201.03,724206.33,724206.33,0,662280.29,1462359.6,19037.07,35548.86,35548.86,0,1301109.43,127.02,1179763.28,1179636.26,127.02,20707.62,20707.62,0,80963.34,19675.18,19675.18,0,3714041.05,12074.01,931955.03,919881.02,12074.01,703498.71,703498.71,0,581316.95,1462359.6,19037.07,15873.68,15873.68,0,ND,ND,18238.42,14464.17,3774.25,43119.24,4224.64,41083.68,36859.04,4224.64,2708.91,2708.91,0,-1235.92,359.32,-236.55,439.79,439.79,0,41343.01,-1.96,40054.59,40056.54,-1.96,107.9,107.9,0,719.08,461.44,461.44,0,1776.23,4226.59,1029.09,-3197.5,4226.59,2601.01,2601.01,0,-1955,359.32,-236.55,-21.65,-21.65
2023-12,1.13,3.83,0.17,5023699.47,1318812.16,3704887.3,5023699.47,16263.3,2116923.27,2100659.96,16263.3,727276.28,727276.28,0,662586.72,1462189.99,18945.44,35777.78,35777.78,0,1318812.16,124.85,1195522.81,1195397.96,124.85,20847.26,20847.26,0,82494.86,19947.24,19947.24,0,3704887.3,16138.45,921400.46,905262.01,16138.45,706429.02,706429.02,0,580091.85,1462189.99,18945.44,15830.54,15830.54,0,1729139.13,1555310.7,4723.66,4194.61,529.05,8549,4062.28,5204.96,1142.68,4062.28,3069.94,3069.94,0,306.42,-169.61,-91.63,228.91,228.91,0,17702.74,-2.17,15759.52,15761.7,-2.17,139.64,139.64,0,1531.52,272.06,272.06,0,-9153.74,4064.45,-10554.57,-14619.02,4064.45,2930.3,2930.3,0,-1225.09,-169.61,-91.63,-43.14,-43.14
2024-01,3.12,6.29,1.99,5036751.12,1325720.01,3711031.11,5019613.66,15449.38,2090204.36,2074754.97,15449.38,728080.43,728080.43,0,660665.17,1486602.05,18754.49,35307.17,35307.17,0,1291738.88,120.23,1169941.57,1169821.34,120.23,20244.53,20244.53,0,82158.45,19394.34,19394.34,0,3727874.78,15329.15,920262.79,904933.63,15329.15,707835.9,707835.9,0,578506.72,1486602.05,18754.49,15912.83,15912.83,0,ND,ND,13051.65,6907.84,6143.81,-4085.8,-813.92,-26718.91,-25904.99,-813.92,804.15,804.15,0,-1921.55,24412.06,-190.95,-470.61,-470.61,0,-27073.28,-4.62,-25581.24,-25576.62,-4.62,-602.73,-602.73,0,-336.41,-552.9,-552.9,0,22987.48,-809.3,-1137.67,-328.37,-809.3,1406.89,1406.89,0,-1585.14,24412.06,-190.95,82.29,82.29
