,laid_off_by_month,funds_raised_by_month,Date,MORTGAGE30US,FEDFUNDS,UNRATE,stock_open,stock_high,stock_low,stock_close,stock_adj_close,stock_volume,Value_CPI,Inflation Rate_CPI,Commodity,Value_Wage,Inflation Rate_Wage,Category
0,7850.0,15530.2,2020-03,3.45,0.65,4.4,2974.28,3136.72,2191.86,2584.59,2584.59,162185380000.0,49.722,0.513463248969015,Information Technology Commodities,,,
1,7850.0,15530.2,2020-03,3.45,0.65,4.4,2974.28,3136.72,2191.86,2584.59,2584.59,162185380000.0,65.649,0.73809231524673,Education and Communication Commodities,,,
2,7850.0,15530.2,2020-03,3.45,0.65,4.4,2974.28,3136.72,2191.86,2584.59,2584.59,162185380000.0,113.031,-0.1457648680165291,Education and Communication Services,,,
3,19821.0,43862.0,2020-04,3.306,0.05,14.8,2498.08,2954.86,2447.49,2912.43,2912.43,123608160000.0,49.816,0.1890511242508274,Information Technology Commodities,50.73,-0.1770956316410887,Total Compensation
4,19821.0,43862.0,2020-04,3.306,0.05,14.8,2498.08,2954.86,2447.49,2912.43,2912.43,123608160000.0,49.816,0.1890511242508274,Information Technology Commodities,45.37,-0.2418645558487253,Wages and Salaries
5,19821.0,43862.0,2020-04,3.306,0.05,14.8,2498.08,2954.86,2447.49,2912.43,2912.43,123608160000.0,49.816,0.1890511242508274,Information Technology Commodities,23.64,0.5529561888558021,Benefits
6,19821.0,43862.0,2020-04,3.306,0.05,14.8,2498.08,2954.86,2447.49,2912.43,2912.43,123608160000.0,65.876,0.3457783058386399,Education and Communication Commodities,50.73,-0.1770956316410887,Total Compensation
7,19821.0,43862.0,2020-04,3.306,0.05,14.8,2498.08,2954.86,2447.49,2912.43,2912.43,123608160000.0,65.876,0.3457783058386399,Education and Communication Commodities,45.37,-0.2418645558487253,Wages and Salaries
8,19821.0,43862.0,2020-04,3.306,0.05,14.8,2498.08,2954.86,2447.49,2912.43,2912.43,123608160000.0,65.876,0.3457783058386399,Education and Communication Commodities,23.64,0.5529561888558021,Benefits
9,19821.0,43862.0,2020-04,3.306,0.05,14.8,2498.08,2954.86,2447.49,2912.43,2912.43,123608160000.0,113.023,-0.007077704346603,Education and Communication Services,50.73,-0.1770956316410887,Total Compensation
10,19821.0,43862.0,2020-04,3.306,0.05,14.8,2498.08,2954.86,2447.49,2912.43,2912.43,123608160000.0,113.023,-0.007077704346603,Education and Communication Services,45.37,-0.2418645558487253,Wages and Salaries
11,19821.0,43862.0,2020-04,3.306,0.05,14.8,2498.08,2954.86,2447.49,2912.43,2912.43,123608160000.0,113.023,-0.007077704346603,Education and Communication Services,23.64,0.5529561888558021,Benefits
12,14674.0,74191.0,2020-05,3.2325,0.05,13.2,2869.09,3068.67,2766.64,3044.31,3044.31,107135190000.0,49.564,-0.5058615705797354,Information Technology Commodities,23.64,0.5529561888558021,Benefits
13,14674.0,74191.0,2020-05,3.2325,0.05,13.2,2869.09,3068.67,2766.64,3044.31,3044.31,107135190000.0,65.727,-0.2261825247434568,Education and Communication Commodities,23.64,0.5529561888558021,Benefits
14,14674.0,74191.0,2020-05,3.2325,0.05,13.2,2869.09,3068.67,2766.64,3044.31,3044.31,107135190000.0,113.025,0.0017695513302662,Education and Communication Services,23.64,0.5529561888558021,Benefits
15,3926.0,11724.1,2020-06,3.1625,0.08,11.0,3038.78,3233.13,2965.66,3100.29,3100.29,131458880000.0,49.334,-0.4640464853522652,Information Technology Commodities,23.64,0.5529561888558021,Benefits
16,3926.0,11724.1,2020-06,3.1625,0.08,11.0,3038.78,3233.13,2965.66,3100.29,3100.29,131458880000.0,64.389,-2.0356930941622275,Education and Communication Commodities,23.64,0.5529561888558021,Benefits
17,3926.0,11724.1,2020-06,3.1625,0.08,11.0,3038.78,3233.13,2965.66,3100.29,3100.29,131458880000.0,112.842,-0.1619110816191149,Education and Communication Services,23.64,0.5529561888558021,Benefits
18,1612.0,4447.0,2020-07,3.016,0.09,10.2,3105.92,3279.99,3101.17,3271.12,3271.12,96928130000.0,49.223,-0.2249969595005563,Information Technology Commodities,51.27,1.064458900059151,Total Compensation
19,1612.0,4447.0,2020-07,3.016,0.09,10.2,3105.92,3279.99,3101.17,3271.12,3271.12,96928130000.0,49.223,-0.2249969595005563,Information Technology Commodities,45.83,1.0138858276394158,Wages and Salaries
20,1612.0,4447.0,2020-07,3.016,0.09,10.2,3105.92,3279.99,3101.17,3271.12,3271.12,96928130000.0,49.223,-0.2249969595005563,Information Technology Commodities,23.73,0.3807106598984866,Benefits
21,1612.0,4447.0,2020-07,3.016,0.09,10.2,3105.92,3279.99,3101.17,3271.12,3271.12,96928130000.0,64.091,-0.4628119709888412,Education and Communication Commodities,51.27,1.064458900059151,Total Compensation
22,1612.0,4447.0,2020-07,3.016,0.09,10.2,3105.92,3279.99,3101.17,3271.12,3271.12,96928130000.0,64.091,-0.4628119709888412,Education and Communication Commodities,45.83,1.0138858276394158,Wages and Salaries
23,1612.0,4447.0,2020-07,3.016,0.09,10.2,3105.92,3279.99,3101.17,3271.12,3271.12,96928130000.0,64.091,-0.4628119709888412,Education and Communication Commodities,23.73,0.3807106598984866,Benefits
24,1612.0,4447.0,2020-07,3.016,0.09,10.2,3105.92,3279.99,3101.17,3271.12,3271.12,96928130000.0,114.065,1.083816309530139,Education and Communication Services,51.27,1.064458900059151,Total Compensation
25,1612.0,4447.0,2020-07,3.016,0.09,10.2,3105.92,3279.99,3101.17,3271.12,3271.12,96928130000.0,114.065,1.083816309530139,Education and Communication Services,45.83,1.0138858276394158,Wages and Salaries
26,1612.0,4447.0,2020-07,3.016,0.09,10.2,3105.92,3279.99,3101.17,3271.12,3271.12,96928130000.0,114.065,1.083816309530139,Education and Communication Services,23.73,0.3807106598984866,Benefits
27,1456.0,765.0,2020-08,2.935,0.1,8.4,3288.26,3514.77,3284.53,3500.31,3500.31,82466520000.0,49.239,0.0325051297157763,Information Technology Commodities,23.73,0.3807106598984866,Benefits
28,1456.0,765.0,2020-08,2.935,0.1,8.4,3288.26,3514.77,3284.53,3500.31,3500.31,82466520000.0,64.229,0.2153188435193742,Education and Communication Commodities,23.73,0.3807106598984866,Benefits
29,1456.0,765.0,2020-08,2.935,0.1,8.4,3288.26,3514.77,3284.53,3500.31,3500.31,82466520000.0,114.567,0.4400999430149488,Education and Communication Services,23.73,0.3807106598984866,Benefits
30,567.0,865.8,2020-09,2.89,0.09,7.8,3507.44,3588.11,3209.45,3363.0,3363.0,92310780000.0,47.752,-3.0199638497938497,Information Technology Commodities,23.73,0.3807106598984866,Benefits
31,567.0,865.8,2020-09,2.89,0.09,7.8,3507.44,3588.11,3209.45,3363.0,3363.0,92310780000.0,63.561,-1.0400286474956832,Education and Communication Commodities,23.73,0.3807106598984866,Benefits
32,567.0,865.8,2020-09,2.89,0.09,7.8,3507.44,3588.11,3209.45,3363.0,3363.0,92310780000.0,114.833,0.2321785505424722,Education and Communication Services,23.73,0.3807106598984866,Benefits
33,110.0,2552.5,2020-10,2.834,0.09,6.8,3385.87,3549.85,3233.94,3269.96,3269.96,89938980000.0,47.355,-0.8313787904171699,Information Technology Commodities,49.09,-4.2519992198166605,Total Compensation
34,110.0,2552.5,2020-10,2.834,0.09,6.8,3385.87,3549.85,3233.94,3269.96,3269.96,89938980000.0,47.355,-0.8313787904171699,Information Technology Commodities,44.39,-3.142046694305034,Wages and Salaries
35,110.0,2552.5,2020-10,2.834,0.09,6.8,3385.87,3549.85,3233.94,3269.96,3269.96,89938980000.0,47.355,-0.8313787904171699,Information Technology Commodities,24.07,1.432785503581968,Benefits
36,110.0,2552.5,2020-10,2.834,0.09,6.8,3385.87,3549.85,3233.94,3269.96,3269.96,89938980000.0,63.06,-0.7882191910133507,Education and Communication Commodities,49.09,-4.2519992198166605,Total Compensation
37,110.0,2552.5,2020-10,2.834,0.09,6.8,3385.87,3549.85,3233.94,3269.96,3269.96,89938980000.0,63.06,-0.7882191910133507,Education and Communication Commodities,44.39,-3.142046694305034,Wages and Salaries
38,110.0,2552.5,2020-10,2.834,0.09,6.8,3385.87,3549.85,3233.94,3269.96,3269.96,89938980000.0,63.06,-0.7882191910133507,Education and Communication Commodities,24.07,1.432785503581968,Benefits
39,110.0,2552.5,2020-10,2.834,0.09,6.8,3385.87,3549.85,3233.94,3269.96,3269.96,89938980000.0,115.041,0.1811326012557401,Education and Communication Services,49.09,-4.2519992198166605,Total Compensation
40,110.0,2552.5,2020-10,2.834,0.09,6.8,3385.87,3549.85,3233.94,3269.96,3269.96,89938980000.0,115.041,0.1811326012557401,Education and Communication Services,44.39,-3.142046694305034,Wages and Salaries
41,110.0,2552.5,2020-10,2.834,0.09,6.8,3385.87,3549.85,3233.94,3269.96,3269.96,89938980000.0,115.041,0.1811326012557401,Education and Communication Services,24.07,1.432785503581968,Benefits
42,237.0,607.4,2020-11,2.765,0.09,6.7,3296.2,3645.99,3279.74,3621.63,3621.63,101247180000.0,47.697,0.722204624643652,Information Technology Commodities,24.07,1.432785503581968,Benefits
43,237.0,607.4,2020-11,2.765,0.09,6.7,3296.2,3645.99,3279.74,3621.63,3621.63,101247180000.0,62.837,-0.3536314620995906,Education and Communication Commodities,24.07,1.432785503581968,Benefits
44,237.0,607.4,2020-11,2.765,0.09,6.7,3296.2,3645.99,3279.74,3621.63,3621.63,101247180000.0,114.977,-0.0556323397745139,Education and Communication Services,24.07,1.432785503581968,Benefits
45,132.0,352.0,2020-12,2.684,0.09,6.7,3645.87,3760.2,3633.4,3756.07,3756.07,96375680000.0,47.794,0.2033670880768001,Information Technology Commodities,24.07,1.432785503581968,Benefits
46,132.0,352.0,2020-12,2.684,0.09,6.7,3645.87,3760.2,3633.4,3756.07,3756.07,96375680000.0,62.689,-0.2355300221207334,Education and Communication Commodities,24.07,1.432785503581968,Benefits
47,132.0,352.0,2020-12,2.684,0.09,6.7,3645.87,3760.2,3633.4,3756.07,3756.07,96375680000.0,115.015,0.0330500882785189,Education and Communication Services,24.07,1.432785503581968,Benefits
48,3172.0,5512.0,2021-01,2.735,0.09,6.4,3764.61,3870.9,3662.71,3714.24,3714.24,106117800000.0,47.532,-0.5481859647654574,Information Technology Commodities,50.55,2.974129150539806,Total Compensation
49,3172.0,5512.0,2021-01,2.735,0.09,6.4,3764.61,3870.9,3662.71,3714.24,3714.24,106117800000.0,47.532,-0.5481859647654574,Information Technology Commodities,45.62,2.770894345573316,Wages and Salaries
50,3172.0,5512.0,2021-01,2.735,0.09,6.4,3764.61,3870.9,3662.71,3714.24,3714.24,106117800000.0,47.532,-0.5481859647654574,Information Technology Commodities,24.11,0.1661819692563293,Benefits
51,3172.0,5512.0,2021-01,2.735,0.09,6.4,3764.61,3870.9,3662.71,3714.24,3714.24,106117800000.0,7.307,0.2882239912160411,Information Technology Hardware & Services,50.55,2.974129150539806,Total Compensation
52,3172.0,5512.0,2021-01,2.735,0.09,6.4,3764.61,3870.9,3662.71,3714.24,3714.24,106117800000.0,7.307,0.2882239912160411,Information Technology Hardware & Services,45.62,2.770894345573316,Wages and Salaries
53,3172.0,5512.0,2021-01,2.735,0.09,6.4,3764.61,3870.9,3662.71,3714.24,3714.24,106117800000.0,7.307,0.2882239912160411,Information Technology Hardware & Services,24.11,0.1661819692563293,Benefits
54,3172.0,5512.0,2021-01,2.735,0.09,6.4,3764.61,3870.9,3662.71,3714.24,3714.24,106117800000.0,62.805,0.1850404377163439,Education and Communication Commodities,50.55,2.974129150539806,Total Compensation
55,3172.0,5512.0,2021-01,2.735,0.09,6.4,3764.61,3870.9,3662.71,3714.24,3714.24,106117800000.0,62.805,0.1850404377163439,Education and Communication Commodities,45.62,2.770894345573316,Wages and Salaries
56,3172.0,5512.0,2021-01,2.735,0.09,6.4,3764.61,3870.9,3662.71,3714.24,3714.24,106117800000.0,62.805,0.1850404377163439,Education and Communication Commodities,24.11,0.1661819692563293,Benefits
57,3172.0,5512.0,2021-01,2.735,0.09,6.4,3764.61,3870.9,3662.71,3714.24,3714.24,106117800000.0,114.951,-0.0556449158805483,Education and Communication Services,50.55,2.974129150539806,Total Compensation
58,3172.0,5512.0,2021-01,2.735,0.09,6.4,3764.61,3870.9,3662.71,3714.24,3714.24,106117800000.0,114.951,-0.0556449158805483,Education and Communication Services,45.62,2.770894345573316,Wages and Salaries
59,3172.0,5512.0,2021-01,2.735,0.09,6.4,3764.61,3870.9,3662.71,3714.24,3714.24,106117800000.0,114.951,-0.0556449158805483,Education and Communication Services,24.11,0.1661819692563293,Benefits
60,336.0,1610.0,2021-02,2.81,0.08,6.2,3731.17,3950.43,3725.62,3811.15,3811.15,99082320000.0,47.311,-0.4649499284692382,Information Technology Commodities,24.11,0.1661819692563293,Benefits
61,336.0,1610.0,2021-02,2.81,0.08,6.2,3731.17,3950.43,3725.62,3811.15,3811.15,99082320000.0,7.425,1.6148898316682647,Information Technology Hardware & Services,24.11,0.1661819692563293,Benefits
62,336.0,1610.0,2021-02,2.81,0.08,6.2,3731.17,3950.43,3725.62,3811.15,3811.15,99082320000.0,63.113,0.4904068147440377,Education and Communication Commodities,24.11,0.1661819692563293,Benefits
63,336.0,1610.0,2021-02,2.81,0.08,6.2,3731.17,3950.43,3725.62,3811.15,3811.15,99082320000.0,115.143,0.1670276900592515,Education and Communication Services,24.11,0.1661819692563293,Benefits
64,47.0,355.0,2021-03,3.0825,0.07,6.1,3842.51,3994.41,3723.34,3972.89,3972.89,122371150000.0,46.512,-1.688825008983108,Information Technology Commodities,24.11,0.1661819692563293,Benefits
65,47.0,355.0,2021-03,3.0825,0.07,6.1,3842.51,3994.41,3723.34,3972.89,3972.89,122371150000.0,62.395,-1.13764200719344,Education and Communication Commodities,24.11,0.1661819692563293,Benefits
66,47.0,355.0,2021-03,3.0825,0.07,6.1,3842.51,3994.41,3723.34,3972.89,3972.89,122371150000.0,115.078,-0.0564515428640888,Education and Communication Services,24.11,0.1661819692563293,Benefits
67,261.0,517.5,2021-04,3.06,0.07,6.1,3992.78,4218.78,3992.78,4181.17,4181.17,83124090000.0,48.241,3.7173202614379175,Information Technology Commodities,50.49,-0.1186943620177904,Total Compensation
68,261.0,517.5,2021-04,3.06,0.07,6.1,3992.78,4218.78,3992.78,4181.17,4181.17,83124090000.0,48.241,3.7173202614379175,Information Technology Commodities,45.26,-0.7891275756247262,Wages and Salaries
69,261.0,517.5,2021-04,3.06,0.07,6.1,3992.78,4218.78,3992.78,4181.17,4181.17,83124090000.0,48.241,3.7173202614379175,Information Technology Commodities,24.74,2.6130236416424646,Benefits
70,261.0,517.5,2021-04,3.06,0.07,6.1,3992.78,4218.78,3992.78,4181.17,4181.17,83124090000.0,63.034,1.024120522477756,Education and Communication Commodities,50.49,-0.1186943620177904,Total Compensation
71,261.0,517.5,2021-04,3.06,0.07,6.1,3992.78,4218.78,3992.78,4181.17,4181.17,83124090000.0,63.034,1.024120522477756,Education and Communication Commodities,45.26,-0.7891275756247262,Wages and Salaries
72,261.0,517.5,2021-04,3.06,0.07,6.1,3992.78,4218.78,3992.78,4181.17,4181.17,83124090000.0,63.034,1.024120522477756,Education and Communication Commodities,24.74,2.6130236416424646,Benefits
73,261.0,517.5,2021-04,3.06,0.07,6.1,3992.78,4218.78,3992.78,4181.17,4181.17,83124090000.0,115.31,0.2016023914214626,Education and Communication Services,50.49,-0.1186943620177904,Total Compensation
74,261.0,517.5,2021-04,3.06,0.07,6.1,3992.78,4218.78,3992.78,4181.17,4181.17,83124090000.0,115.31,0.2016023914214626,Education and Communication Services,45.26,-0.7891275756247262,Wages and Salaries
75,261.0,517.5,2021-04,3.06,0.07,6.1,3992.78,4218.78,3992.78,4181.17,4181.17,83124090000.0,115.31,0.2016023914214626,Education and Communication Services,24.74,2.6130236416424646,Benefits
76,2434.0,1600.0,2021-06,2.975,0.08,5.9,4216.52,4302.43,4164.4,4297.5,4297.5,102544180000.0,48.285,-0.231419302849356,Information Technology Commodities,24.74,2.6130236416424646,Benefits
77,2434.0,1600.0,2021-06,2.975,0.08,5.9,4216.52,4302.43,4164.4,4297.5,4297.5,102544180000.0,62.665,-0.1068035452400639,Education and Communication Commodities,24.74,2.6130236416424646,Benefits
78,2434.0,1600.0,2021-06,2.975,0.08,5.9,4216.52,4302.43,4164.4,4297.5,4297.5,102544180000.0,115.788,0.2207161590195072,Education and Communication Services,24.74,2.6130236416424646,Benefits
79,67.0,1014.0,2021-08,2.8425,0.09,5.1,4406.86,4537.36,4367.73,4522.68,4522.68,80500760000.0,48.904,0.262424143021156,Information Technology Commodities,24.74,2.6130236416424646,Benefits
80,67.0,1014.0,2021-08,2.8425,0.09,5.1,4406.86,4537.36,4367.73,4522.68,4522.68,80500760000.0,62.126,-1.5248541719502962,Education and Communication Commodities,24.74,2.6130236416424646,Benefits
81,67.0,1014.0,2021-08,2.8425,0.09,5.1,4406.86,4537.36,4367.73,4522.68,4522.68,80500760000.0,116.77,0.7662967501423701,Education and Communication Services,24.74,2.6130236416424646,Benefits
82,161.0,1632.0,2021-09,2.9,0.08,4.7,4528.8,4545.85,4305.91,4307.54,4307.54,85528860000.0,49.288,0.7852118436119548,Information Technology Commodities,24.74,2.6130236416424646,Benefits
83,161.0,1632.0,2021-09,2.9,0.08,4.7,4528.8,4545.85,4305.91,4307.54,4307.54,85528860000.0,62.259,0.2140810610694377,Education and Communication Commodities,24.74,2.6130236416424646,Benefits
84,161.0,1632.0,2021-09,2.9,0.08,4.7,4528.8,4545.85,4305.91,4307.54,4307.54,85528860000.0,117.733,0.8246981245182861,Education and Communication Services,24.74,2.6130236416424646,Benefits
85,22.0,426.0,2021-10,3.0675,0.08,4.5,4317.16,4608.08,4278.94,4605.38,4605.38,80253600000.0,48.832,-0.9251744846615728,Information Technology Commodities,53.17,2.903038513644285,Total Compensation
86,22.0,426.0,2021-10,3.0675,0.08,4.5,4317.16,4608.08,4278.94,4605.38,4605.38,80253600000.0,48.832,-0.9251744846615728,Information Technology Commodities,48.98,3.837184651261394,Wages and Salaries
87,22.0,426.0,2021-10,3.0675,0.08,4.5,4317.16,4608.08,4278.94,4605.38,4605.38,80253600000.0,48.832,-0.9251744846615728,Information Technology Commodities,25.87,2.821939586645472,Benefits
88,22.0,426.0,2021-10,3.0675,0.08,4.5,4317.16,4608.08,4278.94,4605.38,4605.38,80253600000.0,61.675,-0.9380169935270466,Education and Communication Commodities,53.17,2.903038513644285,Total Compensation
89,22.0,426.0,2021-10,3.0675,0.08,4.5,4317.16,4608.08,4278.94,4605.38,4605.38,80253600000.0,61.675,-0.9380169935270466,Education and Communication Commodities,48.98,3.837184651261394,Wages and Salaries
90,22.0,426.0,2021-10,3.0675,0.08,4.5,4317.16,4608.08,4278.94,4605.38,4605.38,80253600000.0,61.675,-0.9380169935270466,Education and Communication Commodities,25.87,2.821939586645472,Benefits
91,22.0,426.0,2021-10,3.0675,0.08,4.5,4317.16,4608.08,4278.94,4605.38,4605.38,80253600000.0,117.955,0.1885622552725285,Education and Communication Services,53.17,2.903038513644285,Total Compensation
92,22.0,426.0,2021-10,3.0675,0.08,4.5,4317.16,4608.08,4278.94,4605.38,4605.38,80253600000.0,117.955,0.1885622552725285,Education and Communication Services,48.98,3.837184651261394,Wages and Salaries
93,22.0,426.0,2021-10,3.0675,0.08,4.5,4317.16,4608.08,4278.94,4605.38,4605.38,80253600000.0,117.955,0.1885622552725285,Education and Communication Services,25.87,2.821939586645472,Benefits
94,2070.0,143.0,2021-11,3.0675,0.08,4.1,4610.62,4743.83,4560.0,4567.0,4567.0,88268840000.0,48.246,-1.200032765399739,Information Technology Commodities,25.87,2.821939586645472,Benefits
95,2070.0,143.0,2021-11,3.0675,0.08,4.1,4610.62,4743.83,4560.0,4567.0,4567.0,88268840000.0,61.174,-0.8123226591001176,Education and Communication Commodities,25.87,2.821939586645472,Benefits
96,2070.0,143.0,2021-11,3.0675,0.08,4.1,4610.62,4743.83,4560.0,4567.0,4567.0,88268840000.0,117.975,0.0169556186681241,Education and Communication Services,25.87,2.821939586645472,Benefits
97,900.0,1105.0,2021-12,3.098,0.08,3.9,4602.82,4808.93,4495.12,4766.18,4766.18,92750180000.0,47.94,-0.634249471458781,Information Technology Commodities,25.87,2.821939586645472,Benefits
98,900.0,1105.0,2021-12,3.098,0.08,3.9,4602.82,4808.93,4495.12,4766.18,4766.18,92750180000.0,61.159,-0.0245202210089279,Education and Communication Commodities,25.87,2.821939586645472,Benefits
99,900.0,1105.0,2021-12,3.098,0.08,3.9,4602.82,4808.93,4495.12,4766.18,4766.18,92750180000.0,117.921,-0.0457724094087619,Education and Communication Services,25.87,2.821939586645472,Benefits
100,510.0,4201.0,2022-01,3.4450000000000003,0.08,4.0,4778.14,4818.62,4222.62,4515.55,4515.55,95562890000.0,47.849,-0.1898206090947041,Information Technology Commodities,54.31,2.14406620274592,Total Compensation
101,510.0,4201.0,2022-01,3.4450000000000003,0.08,4.0,4778.14,4818.62,4222.62,4515.55,4515.55,95562890000.0,47.849,-0.1898206090947041,Information Technology Commodities,49.97,2.0212331563903785,Wages and Salaries
102,510.0,4201.0,2022-01,3.4450000000000003,0.08,4.0,4778.14,4818.62,4222.62,4515.55,4515.55,95562890000.0,47.849,-0.1898206090947041,Information Technology Commodities,26.01,0.5411673753382251,Benefits
103,510.0,4201.0,2022-01,3.4450000000000003,0.08,4.0,4778.14,4818.62,4222.62,4515.55,4515.55,95562890000.0,7.333,-1.2390572390572396,Information Technology Hardware & Services,54.31,2.14406620274592,Total Compensation
104,510.0,4201.0,2022-01,3.4450000000000003,0.08,4.0,4778.14,4818.62,4222.62,4515.55,4515.55,95562890000.0,7.333,-1.2390572390572396,Information Technology Hardware & Services,49.97,2.0212331563903785,Wages and Salaries
105,510.0,4201.0,2022-01,3.4450000000000003,0.08,4.0,4778.14,4818.62,4222.62,4515.55,4515.55,95562890000.0,7.333,-1.2390572390572396,Information Technology Hardware & Services,26.01,0.5411673753382251,Benefits
106,510.0,4201.0,2022-01,3.4450000000000003,0.08,4.0,4778.14,4818.62,4222.62,4515.55,4515.55,95562890000.0,60.88,-0.4561879690642367,Education and Communication Commodities,54.31,2.14406620274592,Total Compensation
107,510.0,4201.0,2022-01,3.4450000000000003,0.08,4.0,4778.14,4818.62,4222.62,4515.55,4515.55,95562890000.0,60.88,-0.4561879690642367,Education and Communication Commodities,49.97,2.0212331563903785,Wages and Salaries
108,510.0,4201.0,2022-01,3.4450000000000003,0.08,4.0,4778.14,4818.62,4222.62,4515.55,4515.55,95562890000.0,60.88,-0.4561879690642367,Education and Communication Commodities,26.01,0.5411673753382251,Benefits
109,510.0,4201.0,2022-01,3.4450000000000003,0.08,4.0,4778.14,4818.62,4222.62,4515.55,4515.55,95562890000.0,117.885,-0.0305289134250874,Education and Communication Services,54.31,2.14406620274592,Total Compensation
110,510.0,4201.0,2022-01,3.4450000000000003,0.08,4.0,4778.14,4818.62,4222.62,4515.55,4515.55,95562890000.0,117.885,-0.0305289134250874,Education and Communication Services,49.97,2.0212331563903785,Wages and Salaries
111,510.0,4201.0,2022-01,3.4450000000000003,0.08,4.0,4778.14,4818.62,4222.62,4515.55,4515.55,95562890000.0,117.885,-0.0305289134250874,Education and Communication Services,26.01,0.5411673753382251,Benefits
112,3285.0,3834.0,2022-02,3.7625,0.08,3.8,4519.57,4595.31,4114.65,4373.94,4373.94,92667710000.0,47.589,-0.5433760371167606,Information Technology Commodities,26.01,0.5411673753382251,Benefits
113,3285.0,3834.0,2022-02,3.7625,0.08,3.8,4519.57,4595.31,4114.65,4373.94,4373.94,92667710000.0,7.145,-2.5637528978590063,Information Technology Hardware & Services,26.01,0.5411673753382251,Benefits
114,3285.0,3834.0,2022-02,3.7625,0.08,3.8,4519.57,4595.31,4114.65,4373.94,4373.94,92667710000.0,60.669,-0.3465834428383774,Education and Communication Commodities,26.01,0.5411673753382251,Benefits
115,3285.0,3834.0,2022-02,3.7625,0.08,3.8,4519.57,4595.31,4114.65,4373.94,4373.94,92667710000.0,117.941,0.0475039233150953,Education and Communication Services,26.01,0.5411673753382251,Benefits
116,4105.0,8056.0,2022-03,4.172,0.2,3.6,4363.14,4637.3,4157.87,4530.41,4530.41,123546260000.0,47.12,-0.985521864296368,Information Technology Commodities,26.01,0.5411673753382251,Benefits
117,4105.0,8056.0,2022-03,4.172,0.2,3.6,4363.14,4637.3,4157.87,4530.41,4530.41,123546260000.0,60.223,-0.7351365606817262,Education and Communication Commodities,26.01,0.5411673753382251,Benefits
118,4105.0,8056.0,2022-03,4.172,0.2,3.6,4363.14,4637.3,4157.87,4530.41,4530.41,123546260000.0,117.668,-0.2314716680374084,Education and Communication Services,26.01,0.5411673753382251,Benefits
119,1958.0,132199.0,2022-04,4.9825,0.33,3.7,4540.32,4593.45,4124.28,4131.93,4131.93,90367840000.0,45.952,-2.478777589134129,Information Technology Commodities,54.99,1.2520714417234349,Total Compensation
120,1958.0,132199.0,2022-04,4.9825,0.33,3.7,4540.32,4593.45,4124.28,4131.93,4131.93,90367840000.0,45.952,-2.478777589134129,Information Technology Commodities,50.31,0.6804082449469728,Wages and Salaries
121,1958.0,132199.0,2022-04,4.9825,0.33,3.7,4540.32,4593.45,4124.28,4131.93,4131.93,90367840000.0,45.952,-2.478777589134129,Information Technology Commodities,27.19,4.536716647443284,Benefits
122,1958.0,132199.0,2022-04,4.9825,0.33,3.7,4540.32,4593.45,4124.28,4131.93,4131.93,90367840000.0,59.904,-0.5296979559304527,Education and Communication Commodities,54.99,1.2520714417234349,Total Compensation
123,1958.0,132199.0,2022-04,4.9825,0.33,3.7,4540.32,4593.45,4124.28,4131.93,4131.93,90367840000.0,59.904,-0.5296979559304527,Education and Communication Commodities,50.31,0.6804082449469728,Wages and Salaries
124,1958.0,132199.0,2022-04,4.9825,0.33,3.7,4540.32,4593.45,4124.28,4131.93,4131.93,90367840000.0,59.904,-0.5296979559304527,Education and Communication Commodities,27.19,4.536716647443284,Benefits
125,1958.0,132199.0,2022-04,4.9825,0.33,3.7,4540.32,4593.45,4124.28,4131.93,4131.93,90367840000.0,117.78,0.0951830574157819,Education and Communication Services,54.99,1.2520714417234349,Total Compensation
126,1958.0,132199.0,2022-04,4.9825,0.33,3.7,4540.32,4593.45,4124.28,4131.93,4131.93,90367840000.0,117.78,0.0951830574157819,Education and Communication Services,50.31,0.6804082449469728,Wages and Salaries
127,1958.0,132199.0,2022-04,4.9825,0.33,3.7,4540.32,4593.45,4124.28,4131.93,4131.93,90367840000.0,117.78,0.0951830574157819,Education and Communication Services,27.19,4.536716647443284,Benefits
128,6367.0,140295.0,2022-05,5.23,0.77,3.6,4130.61,4307.66,3810.32,4132.15,4132.15,108860390000.0,44.947,-2.1870647632311835,Information Technology Commodities,27.19,4.536716647443284,Benefits
129,6367.0,140295.0,2022-05,5.23,0.77,3.6,4130.61,4307.66,3810.32,4132.15,4132.15,108860390000.0,59.279,-1.0433360042735096,Education and Communication Commodities,27.19,4.536716647443284,Benefits
130,6367.0,140295.0,2022-05,5.23,0.77,3.6,4130.61,4307.66,3810.32,4132.15,4132.15,108860390000.0,117.842,0.0526405162166732,Education and Communication Services,27.19,4.536716647443284,Benefits
131,9451.0,179039.0,2022-06,5.522,1.21,3.6,4149.78,4177.51,3636.87,3785.38,3785.38,106116710000.0,45.035,0.195786148130006,Information Technology Commodities,27.19,4.536716647443284,Benefits
132,9451.0,179039.0,2022-06,5.522,1.21,3.6,4149.78,4177.51,3636.87,3785.38,3785.38,106116710000.0,58.544,-1.239899458492899,Education and Communication Commodities,27.19,4.536716647443284,Benefits
133,9451.0,179039.0,2022-06,5.522,1.21,3.6,4149.78,4177.51,3636.87,3785.38,3785.38,106116710000.0,118.03,0.159535649428899,Education and Communication Services,27.19,4.536716647443284,Benefits
134,8836.0,56320.0,2022-07,5.4125,1.68,3.5,3781.0,4140.15,3721.56,4130.29,4130.29,81688320000.0,44.804,-0.5129343843677026,Information Technology Commodities,55.72,1.327514093471538,Total Compensation
135,8836.0,56320.0,2022-07,5.4125,1.68,3.5,3781.0,4140.15,3721.56,4130.29,4130.29,81688320000.0,44.804,-0.5129343843677026,Information Technology Commodities,51.16,1.689524945338894,Wages and Salaries
136,8836.0,56320.0,2022-07,5.4125,1.68,3.5,3781.0,4140.15,3721.56,4130.29,4130.29,81688320000.0,44.804,-0.5129343843677026,Information Technology Commodities,27.85,2.427363001103356,Benefits
137,8836.0,56320.0,2022-07,5.4125,1.68,3.5,3781.0,4140.15,3721.56,4130.29,4130.29,81688320000.0,59.192,1.1068597977589525,Education and Communication Commodities,55.72,1.327514093471538,Total Compensation
138,8836.0,56320.0,2022-07,5.4125,1.68,3.5,3781.0,4140.15,3721.56,4130.29,4130.29,81688320000.0,59.192,1.1068597977589525,Education and Communication Commodities,51.16,1.689524945338894,Wages and Salaries
139,8836.0,56320.0,2022-07,5.4125,1.68,3.5,3781.0,4140.15,3721.56,4130.29,4130.29,81688320000.0,59.192,1.1068597977589525,Education and Communication Commodities,27.85,2.427363001103356,Benefits
140,8836.0,56320.0,2022-07,5.4125,1.68,3.5,3781.0,4140.15,3721.56,4130.29,4130.29,81688320000.0,118.05,0.0169448445310527,Education and Communication Services,55.72,1.327514093471538,Total Compensation
141,8836.0,56320.0,2022-07,5.4125,1.68,3.5,3781.0,4140.15,3721.56,4130.29,4130.29,81688320000.0,118.05,0.0169448445310527,Education and Communication Services,51.16,1.689524945338894,Wages and Salaries
142,8836.0,56320.0,2022-07,5.4125,1.68,3.5,3781.0,4140.15,3721.56,4130.29,4130.29,81688320000.0,118.05,0.0169448445310527,Education and Communication Services,27.85,2.427363001103356,Benefits
143,9800.0,47451.0,2022-08,5.2225,2.33,3.6,4112.38,4325.28,3954.53,3955.0,3955.0,92252350000.0,44.583,-0.4932595303990816,Information Technology Commodities,27.85,2.427363001103356,Benefits
144,9800.0,47451.0,2022-08,5.2225,2.33,3.6,4112.38,4325.28,3954.53,3955.0,3955.0,92252350000.0,59.356,0.277064468171373,Education and Communication Commodities,27.85,2.427363001103356,Benefits
145,9800.0,47451.0,2022-08,5.2225,2.33,3.6,4112.38,4325.28,3954.53,3955.0,3955.0,92252350000.0,118.677,0.5311308767471434,Education and Communication Services,27.85,2.427363001103356,Benefits
146,3396.0,137693.0,2022-09,6.112,2.56,3.5,3936.73,4119.28,3584.13,3585.62,3585.62,94241020000.0,44.339,-0.5472938115425152,Information Technology Commodities,27.85,2.427363001103356,Benefits
147,3396.0,137693.0,2022-09,6.112,2.56,3.5,3936.73,4119.28,3584.13,3585.62,3585.62,94241020000.0,58.271,-1.8279533661297973,Education and Communication Commodities,27.85,2.427363001103356,Benefits
148,3396.0,137693.0,2022-09,6.112,2.56,3.5,3936.73,4119.28,3584.13,3585.62,3585.62,94241020000.0,119.057,0.3201968367922969,Education and Communication Services,27.85,2.427363001103356,Benefits
149,10446.0,28690.0,2022-10,6.9,3.08,3.6,3609.78,3905.42,3491.58,3871.98,3871.98,95823760000.0,43.559,-1.7591736394596214,Information Technology Commodities,57.56,3.3022254127781814,Total Compensation
150,10446.0,28690.0,2022-10,6.9,3.08,3.6,3609.78,3905.42,3491.58,3871.98,3871.98,95823760000.0,43.559,-1.7591736394596214,Information Technology Commodities,54.14,5.824863174354977,Wages and Salaries
151,10446.0,28690.0,2022-10,6.9,3.08,3.6,3609.78,3905.42,3491.58,3871.98,3871.98,95823760000.0,43.559,-1.7591736394596214,Information Technology Commodities,29.11,4.524236983842012,Benefits
152,10446.0,28690.0,2022-10,6.9,3.08,3.6,3609.78,3905.42,3491.58,3871.98,3871.98,95823760000.0,57.558,-1.223593211031215,Education and Communication Commodities,57.56,3.3022254127781814,Total Compensation
153,10446.0,28690.0,2022-10,6.9,3.08,3.6,3609.78,3905.42,3491.58,3871.98,3871.98,95823760000.0,57.558,-1.223593211031215,Education and Communication Commodities,54.14,5.824863174354977,Wages and Salaries
154,10446.0,28690.0,2022-10,6.9,3.08,3.6,3609.78,3905.42,3491.58,3871.98,3871.98,95823760000.0,57.558,-1.223593211031215,Education and Communication Commodities,29.11,4.524236983842012,Benefits
155,10446.0,28690.0,2022-10,6.9,3.08,3.6,3609.78,3905.42,3491.58,3871.98,3871.98,95823760000.0,119.298,0.2024240489849393,Education and Communication Services,57.56,3.3022254127781814,Total Compensation
156,10446.0,28690.0,2022-10,6.9,3.08,3.6,3609.78,3905.42,3491.58,3871.98,3871.98,95823760000.0,119.298,0.2024240489849393,Education and Communication Services,54.14,5.824863174354977,Wages and Salaries
157,10446.0,28690.0,2022-10,6.9,3.08,3.6,3609.78,3905.42,3491.58,3871.98,3871.98,95823760000.0,119.298,0.2024240489849393,Education and Communication Services,29.11,4.524236983842012,Benefits
158,45938.0,97908.0,2022-11,6.805,3.78,3.6,3901.79,4080.11,3698.15,4080.11,4080.11,92671910000.0,42.719,-1.9284189260543092,Information Technology Commodities,29.11,4.524236983842012,Benefits
159,45938.0,97908.0,2022-11,6.805,3.78,3.6,3901.79,4080.11,3698.15,4080.11,4080.11,92671910000.0,57.346,-0.3683241252302127,Education and Communication Commodities,29.11,4.524236983842012,Benefits
160,45938.0,97908.0,2022-11,6.805,3.78,3.6,3901.79,4080.11,3698.15,4080.11,4080.11,92671910000.0,120.128,0.6957367265167935,Education and Communication Services,29.11,4.524236983842012,Benefits
161,5803.0,32441.0,2022-12,6.364,4.1,3.5,4087.14,4100.96,3764.49,3839.5,3839.5,85249330000.0,42.262,-1.0697815960111434,Information Technology Commodities,29.11,4.524236983842012,Benefits
162,5803.0,32441.0,2022-12,6.364,4.1,3.5,4087.14,4100.96,3764.49,3839.5,3839.5,85249330000.0,57.008,-0.5894046664108976,Education and Communication Commodities,29.11,4.524236983842012,Benefits
163,5803.0,32441.0,2022-12,6.364,4.1,3.5,4087.14,4100.96,3764.49,3839.5,3839.5,85249330000.0,120.28,0.1265316995205045,Education and Communication Services,29.11,4.524236983842012,Benefits
164,70059.0,99960.0,2023-01,6.2725,4.33,3.4,3853.29,4094.21,3794.33,4076.6,4076.6,80763810000.0,42.242,-0.0473238370167106,Information Technology Commodities,58.38,1.4246004169562232,Total Compensation
165,70059.0,99960.0,2023-01,6.2725,4.33,3.4,3853.29,4094.21,3794.33,4076.6,4076.6,80763810000.0,42.242,-0.0473238370167106,Information Technology Commodities,54.84,1.2929442186922824,Wages and Salaries
166,70059.0,99960.0,2023-01,6.2725,4.33,3.4,3853.29,4094.21,3794.33,4076.6,4076.6,80763810000.0,42.242,-0.0473238370167106,Information Technology Commodities,30.29,4.053589831672966,Benefits
167,70059.0,99960.0,2023-01,6.2725,4.33,3.4,3853.29,4094.21,3794.33,4076.6,4076.6,80763810000.0,7.13,-0.2099370188943239,Information Technology Hardware & Services,58.38,1.4246004169562232,Total Compensation
168,70059.0,99960.0,2023-01,6.2725,4.33,3.4,3853.29,4094.21,3794.33,4076.6,4076.6,80763810000.0,7.13,-0.2099370188943239,Information Technology Hardware & Services,54.84,1.2929442186922824,Wages and Salaries
169,70059.0,99960.0,2023-01,6.2725,4.33,3.4,3853.29,4094.21,3794.33,4076.6,4076.6,80763810000.0,7.13,-0.2099370188943239,Information Technology Hardware & Services,30.29,4.053589831672966,Benefits
170,70059.0,99960.0,2023-01,6.2725,4.33,3.4,3853.29,4094.21,3794.33,4076.6,4076.6,80763810000.0,56.384,-1.0945832163906877,Education and Communication Commodities,58.38,1.4246004169562232,Total Compensation
171,70059.0,99960.0,2023-01,6.2725,4.33,3.4,3853.29,4094.21,3794.33,4076.6,4076.6,80763810000.0,56.384,-1.0945832163906877,Education and Communication Commodities,54.84,1.2929442186922824,Wages and Salaries
172,70059.0,99960.0,2023-01,6.2725,4.33,3.4,3853.29,4094.21,3794.33,4076.6,4076.6,80763810000.0,56.384,-1.0945832163906877,Education and Communication Commodities,30.29,4.053589831672966,Benefits
173,70059.0,99960.0,2023-01,6.2725,4.33,3.4,3853.29,4094.21,3794.33,4076.6,4076.6,80763810000.0,120.705,0.3533422015297605,Education and Communication Services,58.38,1.4246004169562232,Total Compensation
174,70059.0,99960.0,2023-01,6.2725,4.33,3.4,3853.29,4094.21,3794.33,4076.6,4076.6,80763810000.0,120.705,0.3533422015297605,Education and Communication Services,54.84,1.2929442186922824,Wages and Salaries
175,70059.0,99960.0,2023-01,6.2725,4.33,3.4,3853.29,4094.21,3794.33,4076.6,4076.6,80763810000.0,120.705,0.3533422015297605,Education and Communication Services,30.29,4.053589831672966,Benefits
176,24961.0,70754.0,2023-02,6.2575,4.57,3.6,4070.07,4195.44,3943.08,3970.15,3970.15,80392280000.0,41.879,-0.8593343118223573,Information Technology Commodities,30.29,4.053589831672966,Benefits
177,24961.0,70754.0,2023-02,6.2575,4.57,3.6,4070.07,4195.44,3943.08,3970.15,3970.15,80392280000.0,7.055,-1.051893408134641,Information Technology Hardware & Services,30.29,4.053589831672966,Benefits
178,24961.0,70754.0,2023-02,6.2575,4.57,3.6,4070.07,4195.44,3943.08,3970.15,3970.15,80392280000.0,55.868,-0.9151532349602642,Education and Communication Commodities,30.29,4.053589831672966,Benefits
179,24961.0,70754.0,2023-02,6.2575,4.57,3.6,4070.07,4195.44,3943.08,3970.15,3970.15,80392280000.0,120.997,0.2419120997473101,Education and Communication Services,30.29,4.053589831672966,Benefits
180,29895.0,69481.0,2023-03,6.544,4.65,3.5,3963.34,4110.75,3808.86,4109.31,4109.31,113094800000.0,41.715,-0.391604384058819,Information Technology Commodities,30.29,4.053589831672966,Benefits
181,29895.0,69481.0,2023-03,6.544,4.65,3.5,3963.34,4110.75,3808.86,4109.31,4109.31,113094800000.0,56.116,0.4439034867902869,Education and Communication Commodities,30.29,4.053589831672966,Benefits
182,29895.0,69481.0,2023-03,6.544,4.65,3.5,3963.34,4110.75,3808.86,4109.31,4109.31,113094800000.0,121.164,0.138019950907875,Education and Communication Services,30.29,4.053589831672966,Benefits
183,8278.0,36769.0,2023-04,6.342499999999999,4.83,3.4,4102.2,4170.06,4049.35,4169.48,4169.48,70861260000.0,41.655,-0.1438331535418946,Information Technology Commodities,59.0,1.0620075368276805,Total Compensation
184,8278.0,36769.0,2023-04,6.342499999999999,4.83,3.4,4102.2,4170.06,4049.35,4169.48,4169.48,70861260000.0,41.655,-0.1438331535418946,Information Technology Commodities,55.35,0.9299781181619116,Wages and Salaries
185,8278.0,36769.0,2023-04,6.342499999999999,4.83,3.4,4102.2,4170.06,4049.35,4169.48,4169.48,70861260000.0,41.655,-0.1438331535418946,Information Technology Commodities,30.46,0.5612413337735322,Benefits
186,8278.0,36769.0,2023-04,6.342499999999999,4.83,3.4,4102.2,4170.06,4049.35,4169.48,4169.48,70861260000.0,55.282,-1.486207142347995,Education and Communication Commodities,59.0,1.0620075368276805,Total Compensation
187,8278.0,36769.0,2023-04,6.342499999999999,4.83,3.4,4102.2,4170.06,4049.35,4169.48,4169.48,70861260000.0,55.282,-1.486207142347995,Education and Communication Commodities,55.35,0.9299781181619116,Wages and Salaries
188,8278.0,36769.0,2023-04,6.342499999999999,4.83,3.4,4102.2,4170.06,4049.35,4169.48,4169.48,70861260000.0,55.282,-1.486207142347995,Education and Communication Commodities,30.46,0.5612413337735322,Benefits
189,8278.0,36769.0,2023-04,6.342499999999999,4.83,3.4,4102.2,4170.06,4049.35,4169.48,4169.48,70861260000.0,121.258,0.0775807995774258,Education and Communication Services,59.0,1.0620075368276805,Total Compensation
190,8278.0,36769.0,2023-04,6.342499999999999,4.83,3.4,4102.2,4170.06,4049.35,4169.48,4169.48,70861260000.0,121.258,0.0775807995774258,Education and Communication Services,55.35,0.9299781181619116,Wages and Salaries
191,8278.0,36769.0,2023-04,6.342499999999999,4.83,3.4,4102.2,4170.06,4049.35,4169.48,4169.48,70861260000.0,121.258,0.0775807995774258,Education and Communication Services,30.46,0.5612413337735322,Benefits
192,9254.0,17848.0,2023-05,6.425,5.06,3.7,4166.79,4231.1,4048.28,4179.83,4179.83,88929200000.0,41.535,-0.2880806625855325,Information Technology Commodities,30.46,0.5612413337735322,Benefits
193,9254.0,17848.0,2023-05,6.425,5.06,3.7,4166.79,4231.1,4048.28,4179.83,4179.83,88929200000.0,55.62,0.6114105857241148,Education and Communication Commodities,30.46,0.5612413337735322,Benefits
194,9254.0,17848.0,2023-05,6.425,5.06,3.7,4166.79,4231.1,4048.28,4179.83,4179.83,88929200000.0,121.297,0.0321628263702189,Education and Communication Services,30.46,0.5612413337735322,Benefits
195,6477.0,68053.2,2023-06,6.714,5.08,3.6,4183.03,4458.48,4171.64,4450.38,4450.38,87983140000.0,41.574,0.0938967136150159,Information Technology Commodities,30.46,0.5612413337735322,Benefits
196,6477.0,68053.2,2023-06,6.714,5.08,3.6,4183.03,4458.48,4171.64,4450.38,4450.38,87983140000.0,55.704,0.1510248112190026,Education and Communication Commodities,30.46,0.5612413337735322,Benefits
197,6477.0,68053.2,2023-06,6.714,5.08,3.6,4183.03,4458.48,4171.64,4450.38,4450.38,87983140000.0,121.209,-0.0725491974244985,Education and Communication Services,30.46,0.5612413337735322,Benefits
198,5400.0,23905.0,2023-07,6.84,5.12,3.5,4450.48,4607.07,4385.05,4588.96,4588.96,75063200000.0,41.012,-1.3518064174724564,Information Technology Commodities,59.14,0.2372881355932277,Total Compensation
199,5400.0,23905.0,2023-07,6.84,5.12,3.5,4450.48,4607.07,4385.05,4588.96,4588.96,75063200000.0,41.012,-1.3518064174724564,Information Technology Commodities,55.55,0.3613369467027949,Wages and Salaries
200,5400.0,23905.0,2023-07,6.84,5.12,3.5,4450.48,4607.07,4385.05,4588.96,4588.96,75063200000.0,41.012,-1.3518064174724564,Information Technology Commodities,30.11,-1.1490479317137314,Benefits
201,5400.0,23905.0,2023-07,6.84,5.12,3.5,4450.48,4607.07,4385.05,4588.96,4588.96,75063200000.0,54.587,-2.005241993393647,Education and Communication Commodities,59.14,0.2372881355932277,Total Compensation
202,5400.0,23905.0,2023-07,6.84,5.12,3.5,4450.48,4607.07,4385.05,4588.96,4588.96,75063200000.0,54.587,-2.005241993393647,Education and Communication Commodities,55.55,0.3613369467027949,Wages and Salaries
203,5400.0,23905.0,2023-07,6.84,5.12,3.5,4450.48,4607.07,4385.05,4588.96,4588.96,75063200000.0,54.587,-2.005241993393647,Education and Communication Commodities,30.11,-1.1490479317137314,Benefits
204,5400.0,23905.0,2023-07,6.84,5.12,3.5,4450.48,4607.07,4385.05,4588.96,4588.96,75063200000.0,121.829,0.5115131714641619,Education and Communication Services,59.14,0.2372881355932277,Total Compensation
205,5400.0,23905.0,2023-07,6.84,5.12,3.5,4450.48,4607.07,4385.05,4588.96,4588.96,75063200000.0,121.829,0.5115131714641619,Education and Communication Services,55.55,0.3613369467027949,Wages and Salaries
206,5400.0,23905.0,2023-07,6.84,5.12,3.5,4450.48,4607.07,4385.05,4588.96,4588.96,75063200000.0,121.829,0.5115131714641619,Education and Communication Services,30.11,-1.1490479317137314,Benefits
207,4820.0,18062.0,2023-08,7.072,5.33,3.8,4578.83,4584.62,4335.31,4507.66,4507.66,86840820000.0,40.695,-0.7729445040476013,Information Technology Commodities,30.11,-1.1490479317137314,Benefits
208,4820.0,18062.0,2023-08,7.072,5.33,3.8,4578.83,4584.62,4335.31,4507.66,4507.66,86840820000.0,54.04,-1.0020700899481594,Education and Communication Commodities,30.11,-1.1490479317137314,Benefits
209,4820.0,18062.0,2023-08,7.072,5.33,3.8,4578.83,4584.62,4335.31,4507.66,4507.66,86840820000.0,122.585,0.6205419070993035,Education and Communication Services,30.11,-1.1490479317137314,Benefits
210,3808.0,29094.0,2023-09,7.2,5.33,3.8,4530.6,4541.25,4238.63,4288.05,4288.05,73482980000.0,40.82,0.3071630421427773,Information Technology Commodities,30.11,-1.1490479317137314,Benefits
211,3808.0,29094.0,2023-09,7.2,5.33,3.8,4530.6,4541.25,4238.63,4288.05,4288.05,73482980000.0,54.273,0.4311621021465761,Education and Communication Commodities,30.11,-1.1490479317137314,Benefits
212,3808.0,29094.0,2023-09,7.2,5.33,3.8,4530.6,4541.25,4238.63,4288.05,4288.05,73482980000.0,123.05,0.3793286291144948,Education and Communication Services,30.11,-1.1490479317137314,Benefits
213,6450.0,50662.0,2023-10,7.62,5.33,3.8,4284.52,4393.57,4103.78,4193.8,4193.8,83519460000.0,40.268,-1.3522782949534573,Information Technology Commodities,60.84,2.8745350016909037,Total Compensation
214,6450.0,50662.0,2023-10,7.62,5.33,3.8,4284.52,4393.57,4103.78,4193.8,4193.8,83519460000.0,40.268,-1.3522782949534573,Information Technology Commodities,58.29,4.932493249324943,Wages and Salaries
215,6450.0,50662.0,2023-10,7.62,5.33,3.8,4284.52,4393.57,4103.78,4193.8,4193.8,83519460000.0,40.268,-1.3522782949534573,Information Technology Commodities,32.43,7.70508136831618,Benefits
216,6450.0,50662.0,2023-10,7.62,5.33,3.8,4284.52,4393.57,4103.78,4193.8,4193.8,83519460000.0,53.741,-0.9802295800858674,Education and Communication Commodities,60.84,2.8745350016909037,Total Compensation
217,6450.0,50662.0,2023-10,7.62,5.33,3.8,4284.52,4393.57,4103.78,4193.8,4193.8,83519460000.0,53.741,-0.9802295800858674,Education and Communication Commodities,58.29,4.932493249324943,Wages and Salaries
218,6450.0,50662.0,2023-10,7.62,5.33,3.8,4284.52,4393.57,4103.78,4193.8,4193.8,83519460000.0,53.741,-0.9802295800858674,Education and Communication Commodities,32.43,7.70508136831618,Benefits
219,6450.0,50662.0,2023-10,7.62,5.33,3.8,4284.52,4393.57,4103.78,4193.8,4193.8,83519460000.0,122.788,-0.2129215765948822,Education and Communication Services,60.84,2.8745350016909037,Total Compensation
220,6450.0,50662.0,2023-10,7.62,5.33,3.8,4284.52,4393.57,4103.78,4193.8,4193.8,83519460000.0,122.788,-0.2129215765948822,Education and Communication Services,58.29,4.932493249324943,Wages and Salaries
221,6450.0,50662.0,2023-10,7.62,5.33,3.8,4284.52,4393.57,4103.78,4193.8,4193.8,83519460000.0,122.788,-0.2129215765948822,Education and Communication Services,32.43,7.70508136831618,Benefits
222,6815.0,27914.2,2023-11,7.442,5.33,3.7,4201.27,4587.64,4197.74,4567.8,4567.8,80970570000.0,39.188,-2.6820303963444925,Information Technology Commodities,32.43,7.70508136831618,Benefits
223,6815.0,27914.2,2023-11,7.442,5.33,3.7,4201.27,4587.64,4197.74,4567.8,4567.8,80970570000.0,53.068,-1.2523027111516427,Education and Communication Commodities,32.43,7.70508136831618,Benefits
224,6815.0,27914.2,2023-11,7.442,5.33,3.7,4201.27,4587.64,4197.74,4567.8,4567.8,80970570000.0,122.788,0.0,Education and Communication Services,32.43,7.70508136831618,Benefits
225,3784.0,42568.0,2023-12,6.815,5.33,3.7,4559.43,4793.3,4546.5,4769.83,4769.83,81530670000.0,39.034,-0.3929774420741161,Information Technology Commodities,32.43,7.70508136831618,Benefits
226,3784.0,42568.0,2023-12,6.815,5.33,3.7,4559.43,4793.3,4546.5,4769.83,4769.83,81530670000.0,52.69,-0.7122936609632924,Education and Communication Commodities,32.43,7.70508136831618,Benefits
227,3784.0,42568.0,2023-12,6.815,5.33,3.7,4559.43,4793.3,4546.5,4769.83,4769.83,81530670000.0,122.977,0.153923836205494,Education and Communication Services,32.43,7.70508136831618,Benefits
228,21390.0,64714.0,2024-01,6.6425,5.33,3.7,4745.2,4931.09,4682.11,4845.65,4845.65,81737880000.0,39.335,0.7711226110570291,Information Technology Commodities,61.65,1.3313609467455525,Total Compensation
229,21390.0,64714.0,2024-01,6.6425,5.33,3.7,4745.2,4931.09,4682.11,4845.65,4845.65,81737880000.0,39.335,0.7711226110570291,Information Technology Commodities,59.19,1.5440041173442998,Wages and Salaries
230,21390.0,64714.0,2024-01,6.6425,5.33,3.7,4745.2,4931.09,4682.11,4845.65,4845.65,81737880000.0,39.335,0.7711226110570291,Information Technology Commodities,33.11,2.096823928461311,Benefits
231,21390.0,64714.0,2024-01,6.6425,5.33,3.7,4745.2,4931.09,4682.11,4845.65,4845.65,81737880000.0,7.069,0.1984408221119782,Information Technology Hardware & Services,61.65,1.3313609467455525,Total Compensation
232,21390.0,64714.0,2024-01,6.6425,5.33,3.7,4745.2,4931.09,4682.11,4845.65,4845.65,81737880000.0,7.069,0.1984408221119782,Information Technology Hardware & Services,59.19,1.5440041173442998,Wages and Salaries
233,21390.0,64714.0,2024-01,6.6425,5.33,3.7,4745.2,4931.09,4682.11,4845.65,4845.65,81737880000.0,7.069,0.1984408221119782,Information Technology Hardware & Services,33.11,2.096823928461311,Benefits
234,21390.0,64714.0,2024-01,6.6425,5.33,3.7,4745.2,4931.09,4682.11,4845.65,4845.65,81737880000.0,52.287,-0.764851015372936,Education and Communication Commodities,61.65,1.3313609467455525,Total Compensation
235,21390.0,64714.0,2024-01,6.6425,5.33,3.7,4745.2,4931.09,4682.11,4845.65,4845.65,81737880000.0,52.287,-0.764851015372936,Education and Communication Commodities,59.19,1.5440041173442998,Wages and Salaries
236,21390.0,64714.0,2024-01,6.6425,5.33,3.7,4745.2,4931.09,4682.11,4845.65,4845.65,81737880000.0,52.287,-0.764851015372936,Education and Communication Commodities,33.11,2.096823928461311,Benefits
237,21390.0,64714.0,2024-01,6.6425,5.33,3.7,4745.2,4931.09,4682.11,4845.65,4845.65,81737880000.0,123.329,0.2862323849174952,Education and Communication Services,61.65,1.3313609467455525,Total Compensation
238,21390.0,64714.0,2024-01,6.6425,5.33,3.7,4745.2,4931.09,4682.11,4845.65,4845.65,81737880000.0,123.329,0.2862323849174952,Education and Communication Services,59.19,1.5440041173442998,Wages and Salaries
239,21390.0,64714.0,2024-01,6.6425,5.33,3.7,4745.2,4931.09,4682.11,4845.65,4845.65,81737880000.0,123.329,0.2862323849174952,Education and Communication Services,33.11,2.096823928461311,Benefits
240,12715.0,44473.3,2024-02,6.776000000000001,5.33,3.9,4861.11,5111.06,4853.52,5096.27,5096.27,82066930000.0,39.417,0.2084657429769931,Information Technology Commodities,33.11,2.096823928461311,Benefits
241,12715.0,44473.3,2024-02,6.776000000000001,5.33,3.9,4861.11,5111.06,4853.52,5096.27,5096.27,82066930000.0,52.39,0.1969896915103186,Education and Communication Commodities,33.11,2.096823928461311,Benefits
242,12715.0,44473.3,2024-02,6.776000000000001,5.33,3.9,4861.11,5111.06,4853.52,5096.27,5096.27,82066930000.0,123.802,0.3835269887860981,Education and Communication Services,33.11,2.096823928461311,Benefits
243,6898.0,36298.0,2024-03,6.82,5.33,3.8,5098.51,5264.85,5056.82,5254.35,5254.35,86299510000.0,38.948,-1.1898419463683196,Information Technology Commodities,33.11,2.096823928461311,Benefits
244,6898.0,36298.0,2024-03,6.82,5.33,3.8,5098.51,5264.85,5056.82,5254.35,5254.35,86299510000.0,52.158,-0.4428326016415296,Education and Communication Commodities,33.11,2.096823928461311,Benefits
245,6898.0,36298.0,2024-03,6.82,5.33,3.8,5098.51,5264.85,5056.82,5254.35,5254.35,86299510000.0,123.844,0.0339251385276462,Education and Communication Services,33.11,2.096823928461311,Benefits
246,16688.0,68669.0,2024-04,6.9925,5.33,3.9,5257.97,5263.95,4953.56,5035.69,5035.69,81747170000.0,38.9,-0.1232412447365716,Information Technology Commodities,33.11,2.096823928461311,Benefits
247,16688.0,68669.0,2024-04,6.9925,5.33,3.9,5257.97,5263.95,4953.56,5035.69,5035.69,81747170000.0,51.811,-0.6652862456382524,Education and Communication Commodities,33.11,2.096823928461311,Benefits
248,16688.0,68669.0,2024-04,6.9925,5.33,3.9,5257.97,5263.95,4953.56,5035.69,5035.69,81747170000.0,124.125,0.2268983559962523,Education and Communication Services,33.11,2.096823928461311,Benefits
249,6581.0,44281.0,2024-05,7.06,5.33,4.0,5029.03,5341.88,5011.05,5277.51,5277.51,86849720000.0,38.169,-1.8791773778920384,Information Technology Commodities,33.11,2.096823928461311,Benefits
250,6581.0,44281.0,2024-05,7.06,5.33,4.0,5029.03,5341.88,5011.05,5277.51,5277.51,86849720000.0,51.651,-0.3088147304626365,Education and Communication Commodities,33.11,2.096823928461311,Benefits
251,6581.0,44281.0,2024-05,7.06,5.33,4.0,5029.03,5341.88,5011.05,5277.51,5277.51,86849720000.0,124.588,0.3730110775427953,Education and Communication Services,33.11,2.096823928461311,Benefits
252,4178.0,15804.0,2024-06,6.9175,5.33,4.1,5297.15,5523.64,5234.32,5460.48,5460.48,76025620000.0,38.022,-0.3851292934056394,Information Technology Commodities,33.11,2.096823928461311,Benefits
253,4178.0,15804.0,2024-06,6.9175,5.33,4.1,5297.15,5523.64,5234.32,5460.48,5460.48,76025620000.0,51.369,-0.5459720044142524,Education and Communication Commodities,33.11,2.096823928461311,Benefits
254,4178.0,15804.0,2024-06,6.9175,5.33,4.1,5297.15,5523.64,5234.32,5460.48,5460.48,76025620000.0,124.673,0.0682248691687759,Education and Communication Services,33.11,2.096823928461311,Benefits
255,6435.0,7914.0,2024-07,6.8475,5.33,4.3,5471.08,5669.67,5390.95,5522.3,5522.3,80160390000.0,38.255,0.6128031139866597,Information Technology Commodities,33.11,2.096823928461311,Benefits
256,6435.0,7914.0,2024-07,6.8475,5.33,4.3,5471.08,5669.67,5390.95,5522.3,5522.3,80160390000.0,51.415,0.0895481710759371,Education and Communication Commodities,33.11,2.096823928461311,Benefits
257,6435.0,7914.0,2024-07,6.8475,5.33,4.3,5471.08,5669.67,5390.95,5522.3,5522.3,80160390000.0,125.088,0.3328707899866057,Education and Communication Services,33.11,2.096823928461311,Benefits
258,19335.0,3488.0,2024-08,6.5,5.33,4.2,5537.84,5651.62,5119.26,5648.4,5648.4,81097300000.0,125.088,0.3328707899866057,Education and Communication Services,33.11,2.096823928461311,Benefits
259,19335.0,3488.0,2018-01,4.032500000000001,5.33,4.2,5537.84,5651.62,5119.26,5648.4,5648.4,81097300000.0,56.343,0.0,Information Technology Commodities,48.44,0.0,Total Compensation
260,19335.0,3488.0,2018-01,4.032500000000001,5.33,4.2,5537.84,5651.62,5119.26,5648.4,5648.4,81097300000.0,56.343,0.0,Information Technology Commodities,43.89,0.0,Wages and Salaries
261,19335.0,3488.0,2018-01,4.032500000000001,5.33,4.2,5537.84,5651.62,5119.26,5648.4,5648.4,81097300000.0,56.343,0.0,Information Technology Commodities,23.64,0.0,Benefits
262,19335.0,3488.0,2018-01,4.032500000000001,5.33,4.2,5537.84,5651.62,5119.26,5648.4,5648.4,81097300000.0,7.468,0.0,Information Technology Hardware & Services,48.44,0.0,Total Compensation
263,19335.0,3488.0,2018-01,4.032500000000001,5.33,4.2,5537.84,5651.62,5119.26,5648.4,5648.4,81097300000.0,7.468,0.0,Information Technology Hardware & Services,43.89,0.0,Wages and Salaries
264,19335.0,3488.0,2018-01,4.032500000000001,5.33,4.2,5537.84,5651.62,5119.26,5648.4,5648.4,81097300000.0,7.468,0.0,Information Technology Hardware & Services,23.64,0.0,Benefits
265,19335.0,3488.0,2018-01,4.032500000000001,5.33,4.2,5537.84,5651.62,5119.26,5648.4,5648.4,81097300000.0,70.32,0.0,Education and Communication Commodities,48.44,0.0,Total Compensation
266,19335.0,3488.0,2018-01,4.032500000000001,5.33,4.2,5537.84,5651.62,5119.26,5648.4,5648.4,81097300000.0,70.32,0.0,Education and Communication Commodities,43.89,0.0,Wages and Salaries
267,19335.0,3488.0,2018-01,4.032500000000001,5.33,4.2,5537.84,5651.62,5119.26,5648.4,5648.4,81097300000.0,70.32,0.0,Education and Communication Commodities,23.64,0.0,Benefits
268,19335.0,3488.0,2018-01,4.032500000000001,5.33,4.2,5537.84,5651.62,5119.26,5648.4,5648.4,81097300000.0,109.855,0.0,Education and Communication Services,48.44,0.0,Total Compensation
269,19335.0,3488.0,2018-01,4.032500000000001,5.33,4.2,5537.84,5651.62,5119.26,5648.4,5648.4,81097300000.0,109.855,0.0,Education and Communication Services,43.89,0.0,Wages and Salaries
270,19335.0,3488.0,2018-01,4.032500000000001,5.33,4.2,5537.84,5651.62,5119.26,5648.4,5648.4,81097300000.0,109.855,0.0,Education and Communication Services,23.64,0.0,Benefits
271,19335.0,3488.0,2018-02,4.33,5.33,4.2,5537.84,5651.62,5119.26,5648.4,5648.4,81097300000.0,56.001,-0.6069964325648325,Information Technology Commodities,23.64,0.0,Benefits
272,19335.0,3488.0,2018-02,4.33,5.33,4.2,5537.84,5651.62,5119.26,5648.4,5648.4,81097300000.0,7.467,-0.0133904659882166,Information Technology Hardware & Services,23.64,0.0,Benefits
273,19335.0,3488.0,2018-02,4.33,5.33,4.2,5537.84,5651.62,5119.26,5648.4,5648.4,81097300000.0,70.346,0.0369738339021763,Education and Communication Commodities,23.64,0.0,Benefits
274,19335.0,3488.0,2018-02,4.33,5.33,4.2,5537.84,5651.62,5119.26,5648.4,5648.4,81097300000.0,109.676,-0.1629420599881692,Education and Communication Services,23.64,0.0,Benefits
275,19335.0,3488.0,2018-03,4.444,5.33,4.2,5537.84,5651.62,5119.26,5648.4,5648.4,81097300000.0,55.699,-0.5392760843556332,Information Technology Commodities,23.64,0.0,Benefits
276,19335.0,3488.0,2018-03,4.444,5.33,4.2,5537.84,5651.62,5119.26,5648.4,5648.4,81097300000.0,70.342,-0.0056861797401497,Education and Communication Commodities,23.64,0.0,Benefits
277,19335.0,3488.0,2018-03,4.444,5.33,4.2,5537.84,5651.62,5119.26,5648.4,5648.4,81097300000.0,109.644,-0.0291768481709753,Education and Communication Services,23.64,0.0,Benefits
278,19335.0,3488.0,2018-04,4.4675,5.33,4.2,5537.84,5651.62,5119.26,5648.4,5648.4,81097300000.0,55.804,0.1885132587658766,Information Technology Commodities,49.08,1.3212221304706784,Total Compensation
279,19335.0,3488.0,2018-04,4.4675,5.33,4.2,5537.84,5651.62,5119.26,5648.4,5648.4,81097300000.0,55.804,0.1885132587658766,Information Technology Commodities,44.5,1.3898382319434963,Wages and Salaries
280,19335.0,3488.0,2018-04,4.4675,5.33,4.2,5537.84,5651.62,5119.26,5648.4,5648.4,81097300000.0,55.804,0.1885132587658766,Information Technology Commodities,24.21,2.4111675126903487,Benefits
281,19335.0,3488.0,2018-04,4.4675,5.33,4.2,5537.84,5651.62,5119.26,5648.4,5648.4,81097300000.0,70.289,-0.0753461658752896,Education and Communication Commodities,49.08,1.3212221304706784,Total Compensation
282,19335.0,3488.0,2018-04,4.4675,5.33,4.2,5537.84,5651.62,5119.26,5648.4,5648.4,81097300000.0,70.289,-0.0753461658752896,Education and Communication Commodities,44.5,1.3898382319434963,Wages and Salaries
283,19335.0,3488.0,2018-04,4.4675,5.33,4.2,5537.84,5651.62,5119.26,5648.4,5648.4,81097300000.0,70.289,-0.0753461658752896,Education and Communication Commodities,24.21,2.4111675126903487,Benefits
284,19335.0,3488.0,2018-04,4.4675,5.33,4.2,5537.84,5651.62,5119.26,5648.4,5648.4,81097300000.0,109.625,-0.0173288096019907,Education and Communication Services,49.08,1.3212221304706784,Total Compensation
285,19335.0,3488.0,2018-04,4.4675,5.33,4.2,5537.84,5651.62,5119.26,5648.4,5648.4,81097300000.0,109.625,-0.0173288096019907,Education and Communication Services,44.5,1.3898382319434963,Wages and Salaries
286,19335.0,3488.0,2018-04,4.4675,5.33,4.2,5537.84,5651.62,5119.26,5648.4,5648.4,81097300000.0,109.625,-0.0173288096019907,Education and Communication Services,24.21,2.4111675126903487,Benefits
287,19335.0,3488.0,2018-05,4.586,5.33,4.2,5537.84,5651.62,5119.26,5648.4,5648.4,81097300000.0,55.537,-0.478460325424701,Information Technology Commodities,24.21,2.4111675126903487,Benefits
288,19335.0,3488.0,2018-05,4.586,5.33,4.2,5537.84,5651.62,5119.26,5648.4,5648.4,81097300000.0,70.397,0.1536513536968931,Education and Communication Commodities,24.21,2.4111675126903487,Benefits
289,19335.0,3488.0,2018-05,4.586,5.33,4.2,5537.84,5651.62,5119.26,5648.4,5648.4,81097300000.0,109.731,0.0966932725199543,Education and Communication Services,24.21,2.4111675126903487,Benefits
290,19335.0,3488.0,2018-06,4.57,5.33,4.2,5537.84,5651.62,5119.26,5648.4,5648.4,81097300000.0,55.099,-0.7886634135801374,Information Technology Commodities,24.21,2.4111675126903487,Benefits
291,19335.0,3488.0,2018-06,4.57,5.33,4.2,5537.84,5651.62,5119.26,5648.4,5648.4,81097300000.0,70.333,-0.0909129650411344,Education and Communication Commodities,24.21,2.4111675126903487,Benefits
292,19335.0,3488.0,2018-06,4.57,5.33,4.2,5537.84,5651.62,5119.26,5648.4,5648.4,81097300000.0,109.931,0.1822638999006587,Education and Communication Services,24.21,2.4111675126903487,Benefits
293,19335.0,3488.0,2018-07,4.5275,5.33,4.2,5537.84,5651.62,5119.26,5648.4,5648.4,81097300000.0,54.472,-1.1379516869634565,Information Technology Commodities,49.92,1.7114914425427896,Total Compensation
294,19335.0,3488.0,2018-07,4.5275,5.33,4.2,5537.84,5651.62,5119.26,5648.4,5648.4,81097300000.0,54.472,-1.1379516869634565,Information Technology Commodities,45.0,1.1235955056179805,Wages and Salaries
295,19335.0,3488.0,2018-07,4.5275,5.33,4.2,5537.84,5651.62,5119.26,5648.4,5648.4,81097300000.0,54.472,-1.1379516869634565,Information Technology Commodities,24.41,0.8261049153242439,Benefits
296,19335.0,3488.0,2018-07,4.5275,5.33,4.2,5537.84,5651.62,5119.26,5648.4,5648.4,81097300000.0,69.669,-0.9440803036981248,Education and Communication Commodities,49.92,1.7114914425427896,Total Compensation
297,19335.0,3488.0,2018-07,4.5275,5.33,4.2,5537.84,5651.62,5119.26,5648.4,5648.4,81097300000.0,69.669,-0.9440803036981248,Education and Communication Commodities,45.0,1.1235955056179805,Wages and Salaries
298,19335.0,3488.0,2018-07,4.5275,5.33,4.2,5537.84,5651.62,5119.26,5648.4,5648.4,81097300000.0,69.669,-0.9440803036981248,Education and Communication Commodities,24.41,0.8261049153242439,Benefits
299,19335.0,3488.0,2018-07,4.5275,5.33,4.2,5537.84,5651.62,5119.26,5648.4,5648.4,81097300000.0,110.306,0.3411230681063637,Education and Communication Services,49.92,1.7114914425427896,Total Compensation
300,19335.0,3488.0,2018-07,4.5275,5.33,4.2,5537.84,5651.62,5119.26,5648.4,5648.4,81097300000.0,110.306,0.3411230681063637,Education and Communication Services,45.0,1.1235955056179805,Wages and Salaries
301,19335.0,3488.0,2018-07,4.5275,5.33,4.2,5537.84,5651.62,5119.26,5648.4,5648.4,81097300000.0,110.306,0.3411230681063637,Education and Communication Services,24.41,0.8261049153242439,Benefits
302,19335.0,3488.0,2018-08,4.55,5.33,4.2,5537.84,5651.62,5119.26,5648.4,5648.4,81097300000.0,54.659,0.3432956381260066,Information Technology Commodities,24.41,0.8261049153242439,Benefits
303,19335.0,3488.0,2018-08,4.55,5.33,4.2,5537.84,5651.62,5119.26,5648.4,5648.4,81097300000.0,69.273,-0.5684020152435076,Education and Communication Commodities,24.41,0.8261049153242439,Benefits
304,19335.0,3488.0,2018-08,4.55,5.33,4.2,5537.84,5651.62,5119.26,5648.4,5648.4,81097300000.0,110.941,0.5756713143437286,Education and Communication Services,24.41,0.8261049153242439,Benefits
305,19335.0,3488.0,2018-09,4.6275,5.33,4.2,5537.84,5651.62,5119.26,5648.4,5648.4,81097300000.0,54.887,0.4171316709050687,Information Technology Commodities,24.41,0.8261049153242439,Benefits
306,19335.0,3488.0,2018-09,4.6275,5.33,4.2,5537.84,5651.62,5119.26,5648.4,5648.4,81097300000.0,69.016,-0.3709959147142339,Education and Communication Commodities,24.41,0.8261049153242439,Benefits
307,19335.0,3488.0,2018-09,4.6275,5.33,4.2,5537.84,5651.62,5119.26,5648.4,5648.4,81097300000.0,111.518,0.5200962673853615,Education and Communication Services,24.41,0.8261049153242439,Benefits
308,19335.0,3488.0,2018-10,4.83,5.33,4.2,5537.84,5651.62,5119.26,5648.4,5648.4,81097300000.0,54.119,-1.399238435330774,Information Technology Commodities,49.0,-1.8429487179487225,Total Compensation
309,19335.0,3488.0,2018-10,4.83,5.33,4.2,5537.84,5651.62,5119.26,5648.4,5648.4,81097300000.0,54.119,-1.399238435330774,Information Technology Commodities,43.51,-3.31111111111112,Wages and Salaries
310,19335.0,3488.0,2018-10,4.83,5.33,4.2,5537.84,5651.62,5119.26,5648.4,5648.4,81097300000.0,54.119,-1.399238435330774,Information Technology Commodities,23.78,-2.5809094633346907,Benefits
311,19335.0,3488.0,2018-10,4.83,5.33,4.2,5537.84,5651.62,5119.26,5648.4,5648.4,81097300000.0,68.584,-0.6259418105946435,Education and Communication Commodities,49.0,-1.8429487179487225,Total Compensation
312,19335.0,3488.0,2018-10,4.83,5.33,4.2,5537.84,5651.62,5119.26,5648.4,5648.4,81097300000.0,68.584,-0.6259418105946435,Education and Communication Commodities,43.51,-3.31111111111112,Wages and Salaries
313,19335.0,3488.0,2018-10,4.83,5.33,4.2,5537.84,5651.62,5119.26,5648.4,5648.4,81097300000.0,68.584,-0.6259418105946435,Education and Communication Commodities,23.78,-2.5809094633346907,Benefits
314,19335.0,3488.0,2018-10,4.83,5.33,4.2,5537.84,5651.62,5119.26,5648.4,5648.4,81097300000.0,111.218,-0.2690148675550063,Education and Communication Services,49.0,-1.8429487179487225,Total Compensation
315,19335.0,3488.0,2018-10,4.83,5.33,4.2,5537.84,5651.62,5119.26,5648.4,5648.4,81097300000.0,111.218,-0.2690148675550063,Education and Communication Services,43.51,-3.31111111111112,Wages and Salaries
316,19335.0,3488.0,2018-10,4.83,5.33,4.2,5537.84,5651.62,5119.26,5648.4,5648.4,81097300000.0,111.218,-0.2690148675550063,Education and Communication Services,23.78,-2.5809094633346907,Benefits
317,19335.0,3488.0,2018-11,4.866,5.33,4.2,5537.84,5651.62,5119.26,5648.4,5648.4,81097300000.0,53.266,-1.5761562482677127,Information Technology Commodities,23.78,-2.5809094633346907,Benefits
318,19335.0,3488.0,2018-11,4.866,5.33,4.2,5537.84,5651.62,5119.26,5648.4,5648.4,81097300000.0,68.011,-0.8354718301644803,Education and Communication Commodities,23.78,-2.5809094633346907,Benefits
319,19335.0,3488.0,2018-11,4.866,5.33,4.2,5537.84,5651.62,5119.26,5648.4,5648.4,81097300000.0,110.795,-0.3803341185779296,Education and Communication Services,23.78,-2.5809094633346907,Benefits
320,19335.0,3488.0,2018-12,4.6375,5.33,4.2,5537.84,5651.62,5119.26,5648.4,5648.4,81097300000.0,53.324,0.1088874704314291,Information Technology Commodities,23.78,-2.5809094633346907,Benefits
321,19335.0,3488.0,2018-12,4.6375,5.33,4.2,5537.84,5651.62,5119.26,5648.4,5648.4,81097300000.0,68.242,0.3396509388187363,Education and Communication Commodities,23.78,-2.5809094633346907,Benefits
322,19335.0,3488.0,2018-12,4.6375,5.33,4.2,5537.84,5651.62,5119.26,5648.4,5648.4,81097300000.0,110.594,-0.1814161288866911,Education and Communication Services,23.78,-2.5809094633346907,Benefits
323,19335.0,3488.0,2019-01,4.464,5.33,4.2,5537.84,5651.62,5119.26,5648.4,5648.4,81097300000.0,53.077,-0.4632060610606836,Information Technology Commodities,49.87,1.7755102040816206,Total Compensation
324,19335.0,3488.0,2019-01,4.464,5.33,4.2,5537.84,5651.62,5119.26,5648.4,5648.4,81097300000.0,53.077,-0.4632060610606836,Information Technology Commodities,44.25,1.7007584463341718,Wages and Salaries
325,19335.0,3488.0,2019-01,4.464,5.33,4.2,5537.84,5651.62,5119.26,5648.4,5648.4,81097300000.0,53.077,-0.4632060610606836,Information Technology Commodities,24.27,2.0605550883094903,Benefits
326,19335.0,3488.0,2019-01,4.464,5.33,4.2,5537.84,5651.62,5119.26,5648.4,5648.4,81097300000.0,7.401,-0.8838891120932058,Information Technology Hardware & Services,49.87,1.7755102040816206,Total Compensation
327,19335.0,3488.0,2019-01,4.464,5.33,4.2,5537.84,5651.62,5119.26,5648.4,5648.4,81097300000.0,7.401,-0.8838891120932058,Information Technology Hardware & Services,44.25,1.7007584463341718,Wages and Salaries
328,19335.0,3488.0,2019-01,4.464,5.33,4.2,5537.84,5651.62,5119.26,5648.4,5648.4,81097300000.0,7.401,-0.8838891120932058,Information Technology Hardware & Services,24.27,2.0605550883094903,Benefits
329,19335.0,3488.0,2019-01,4.464,5.33,4.2,5537.84,5651.62,5119.26,5648.4,5648.4,81097300000.0,68.277,0.0512880630696654,Education and Communication Commodities,49.87,1.7755102040816206,Total Compensation
330,19335.0,3488.0,2019-01,4.464,5.33,4.2,5537.84,5651.62,5119.26,5648.4,5648.4,81097300000.0,68.277,0.0512880630696654,Education and Communication Commodities,44.25,1.7007584463341718,Wages and Salaries
331,19335.0,3488.0,2019-01,4.464,5.33,4.2,5537.84,5651.62,5119.26,5648.4,5648.4,81097300000.0,68.277,0.0512880630696654,Education and Communication Commodities,24.27,2.0605550883094903,Benefits
332,19335.0,3488.0,2019-01,4.464,5.33,4.2,5537.84,5651.62,5119.26,5648.4,5648.4,81097300000.0,110.637,0.0388809519503929,Education and Communication Services,49.87,1.7755102040816206,Total Compensation
333,19335.0,3488.0,2019-01,4.464,5.33,4.2,5537.84,5651.62,5119.26,5648.4,5648.4,81097300000.0,110.637,0.0388809519503929,Education and Communication Services,44.25,1.7007584463341718,Wages and Salaries
334,19335.0,3488.0,2019-01,4.464,5.33,4.2,5537.84,5651.62,5119.26,5648.4,5648.4,81097300000.0,110.637,0.0388809519503929,Education and Communication Services,24.27,2.0605550883094903,Benefits
335,19335.0,3488.0,2019-02,4.37,5.33,4.2,5537.84,5651.62,5119.26,5648.4,5648.4,81097300000.0,52.574,-0.9476797859713226,Information Technology Commodities,24.27,2.0605550883094903,Benefits
336,19335.0,3488.0,2019-02,4.37,5.33,4.2,5537.84,5651.62,5119.26,5648.4,5648.4,81097300000.0,7.371,-0.405350628293466,Information Technology Hardware & Services,24.27,2.0605550883094903,Benefits
337,19335.0,3488.0,2019-02,4.37,5.33,4.2,5537.84,5651.62,5119.26,5648.4,5648.4,81097300000.0,68.191,-0.1259574966679832,Education and Communication Commodities,24.27,2.0605550883094903,Benefits
338,19335.0,3488.0,2019-02,4.37,5.33,4.2,5537.84,5651.62,5119.26,5648.4,5648.4,81097300000.0,110.851,0.1934253459511703,Education and Communication Services,24.27,2.0605550883094903,Benefits
339,19335.0,3488.0,2019-03,4.265,5.33,4.2,5537.84,5651.62,5119.26,5648.4,5648.4,81097300000.0,52.622,0.0912998820709942,Information Technology Commodities,24.27,2.0605550883094903,Benefits
340,19335.0,3488.0,2019-03,4.265,5.33,4.2,5537.84,5651.62,5119.26,5648.4,5648.4,81097300000.0,67.755,-0.6393805634174687,Education and Communication Commodities,24.27,2.0605550883094903,Benefits
341,19335.0,3488.0,2019-03,4.265,5.33,4.2,5537.84,5651.62,5119.26,5648.4,5648.4,81097300000.0,110.776,-0.0676583882869841,Education and Communication Services,24.27,2.0605550883094903,Benefits
342,19335.0,3488.0,2019-04,4.1425,5.33,4.2,5537.84,5651.62,5119.26,5648.4,5648.4,81097300000.0,52.183,-0.8342518338337546,Information Technology Commodities,50.21,0.681772608782838,Total Compensation
343,19335.0,3488.0,2019-04,4.1425,5.33,4.2,5537.84,5651.62,5119.26,5648.4,5648.4,81097300000.0,52.183,-0.8342518338337546,Information Technology Commodities,44.74,1.107344632768359,Wages and Salaries
344,19335.0,3488.0,2019-04,4.1425,5.33,4.2,5537.84,5651.62,5119.26,5648.4,5648.4,81097300000.0,52.183,-0.8342518338337546,Information Technology Commodities,23.46,-3.3374536464771287,Benefits
345,19335.0,3488.0,2019-04,4.1425,5.33,4.2,5537.84,5651.62,5119.26,5648.4,5648.4,81097300000.0,67.349,-0.5992177699062684,Education and Communication Commodities,50.21,0.681772608782838,Total Compensation
346,19335.0,3488.0,2019-04,4.1425,5.33,4.2,5537.84,5651.62,5119.26,5648.4,5648.4,81097300000.0,67.349,-0.5992177699062684,Education and Communication Commodities,44.74,1.107344632768359,Wages and Salaries
347,19335.0,3488.0,2019-04,4.1425,5.33,4.2,5537.84,5651.62,5119.26,5648.4,5648.4,81097300000.0,67.349,-0.5992177699062684,Education and Communication Commodities,23.46,-3.3374536464771287,Benefits
348,19335.0,3488.0,2019-04,4.1425,5.33,4.2,5537.84,5651.62,5119.26,5648.4,5648.4,81097300000.0,110.878,0.0920777063623923,Education and Communication Services,50.21,0.681772608782838,Total Compensation
349,19335.0,3488.0,2019-04,4.1425,5.33,4.2,5537.84,5651.62,5119.26,5648.4,5648.4,81097300000.0,110.878,0.0920777063623923,Education and Communication Services,44.74,1.107344632768359,Wages and Salaries
350,19335.0,3488.0,2019-04,4.1425,5.33,4.2,5537.84,5651.62,5119.26,5648.4,5648.4,81097300000.0,110.878,0.0920777063623923,Education and Communication Services,23.46,-3.3374536464771287,Benefits
351,19335.0,3488.0,2019-05,4.072,5.33,4.2,5537.84,5651.62,5119.26,5648.4,5648.4,81097300000.0,51.837,-0.663051185251895,Information Technology Commodities,23.46,-3.3374536464771287,Benefits
352,19335.0,3488.0,2019-05,4.072,5.33,4.2,5537.84,5651.62,5119.26,5648.4,5648.4,81097300000.0,67.587,0.3533831237286344,Education and Communication Commodities,23.46,-3.3374536464771287,Benefits
353,19335.0,3488.0,2019-05,4.072,5.33,4.2,5537.84,5651.62,5119.26,5648.4,5648.4,81097300000.0,111.04,0.1461065315031096,Education and Communication Services,23.46,-3.3374536464771287,Benefits
354,19335.0,3488.0,2019-06,3.8025,5.33,4.2,5537.84,5651.62,5119.26,5648.4,5648.4,81097300000.0,51.085,-1.4507012365684746,Information Technology Commodities,23.46,-3.3374536464771287,Benefits
355,19335.0,3488.0,2019-06,3.8025,5.33,4.2,5537.84,5651.62,5119.26,5648.4,5648.4,81097300000.0,67.166,-0.6229008537144809,Education and Communication Commodities,23.46,-3.3374536464771287,Benefits
356,19335.0,3488.0,2019-06,3.8025,5.33,4.2,5537.84,5651.62,5119.26,5648.4,5648.4,81097300000.0,111.341,0.2710734870316811,Education and Communication Services,23.46,-3.3374536464771287,Benefits
357,19335.0,3488.0,2019-07,3.765,5.33,4.2,5537.84,5651.62,5119.26,5648.4,5648.4,81097300000.0,52.041,1.8713908192228512,Information Technology Commodities,50.68,0.9360685122485446,Total Compensation
358,19335.0,3488.0,2019-07,3.765,5.33,4.2,5537.84,5651.62,5119.26,5648.4,5648.4,81097300000.0,52.041,1.8713908192228512,Information Technology Commodities,45.01,0.603486812695575,Wages and Salaries
359,19335.0,3488.0,2019-07,3.765,5.33,4.2,5537.84,5651.62,5119.26,5648.4,5648.4,81097300000.0,52.041,1.8713908192228512,Information Technology Commodities,24.63,4.987212276214836,Benefits
360,19335.0,3488.0,2019-07,3.765,5.33,4.2,5537.84,5651.62,5119.26,5648.4,5648.4,81097300000.0,67.139,-0.0401989101628808,Education and Communication Commodities,50.68,0.9360685122485446,Total Compensation
361,19335.0,3488.0,2019-07,3.765,5.33,4.2,5537.84,5651.62,5119.26,5648.4,5648.4,81097300000.0,67.139,-0.0401989101628808,Education and Communication Commodities,45.01,0.603486812695575,Wages and Salaries
362,19335.0,3488.0,2019-07,3.765,5.33,4.2,5537.84,5651.62,5119.26,5648.4,5648.4,81097300000.0,67.139,-0.0401989101628808,Education and Communication Commodities,24.63,4.987212276214836,Benefits
363,19335.0,3488.0,2019-07,3.765,5.33,4.2,5537.84,5651.62,5119.26,5648.4,5648.4,81097300000.0,111.653,0.2802202243558094,Education and Communication Services,50.68,0.9360685122485446,Total Compensation
364,19335.0,3488.0,2019-07,3.765,5.33,4.2,5537.84,5651.62,5119.26,5648.4,5648.4,81097300000.0,111.653,0.2802202243558094,Education and Communication Services,45.01,0.603486812695575,Wages and Salaries
365,19335.0,3488.0,2019-07,3.765,5.33,4.2,5537.84,5651.62,5119.26,5648.4,5648.4,81097300000.0,111.653,0.2802202243558094,Education and Communication Services,24.63,4.987212276214836,Benefits
366,19335.0,3488.0,2019-08,3.616,2.13,3.6,5537.84,5651.62,5119.26,5648.4,5648.4,81097300000.0,52.296,0.4899982705943495,Information Technology Commodities,24.63,4.987212276214836,Benefits
367,19335.0,3488.0,2019-08,3.616,2.13,3.6,5537.84,5651.62,5119.26,5648.4,5648.4,81097300000.0,67.588,0.6687618224876735,Education and Communication Commodities,24.63,4.987212276214836,Benefits
368,19335.0,3488.0,2019-08,3.616,2.13,3.6,5537.84,5651.62,5119.26,5648.4,5648.4,81097300000.0,112.209,0.4979713935138408,Education and Communication Services,24.63,4.987212276214836,Benefits
369,19335.0,3488.0,2019-09,3.605,2.04,3.5,5537.84,5651.62,5119.26,5648.4,5648.4,81097300000.0,51.808,-0.9331497628881746,Information Technology Commodities,24.63,4.987212276214836,Benefits
370,19335.0,3488.0,2019-09,3.605,2.04,3.5,5537.84,5651.62,5119.26,5648.4,5648.4,81097300000.0,67.493,-0.1405574954133848,Education and Communication Commodities,24.63,4.987212276214836,Benefits
371,19335.0,3488.0,2019-09,3.605,2.04,3.5,5537.84,5651.62,5119.26,5648.4,5648.4,81097300000.0,112.448,0.2129953925264383,Education and Communication Services,24.63,4.987212276214836,Benefits
372,19335.0,3488.0,2019-10,3.688,1.83,3.6,5537.84,5651.62,5119.26,5648.4,5648.4,81097300000.0,50.747,-2.0479462631253886,Information Technology Commodities,50.94,0.513022888713488,Total Compensation
373,19335.0,3488.0,2019-10,3.688,1.83,3.6,5537.84,5651.62,5119.26,5648.4,5648.4,81097300000.0,50.747,-2.0479462631253886,Information Technology Commodities,45.13,0.2666074205732061,Wages and Salaries
374,19335.0,3488.0,2019-10,3.688,1.83,3.6,5537.84,5651.62,5119.26,5648.4,5648.4,81097300000.0,50.747,-2.0479462631253886,Information Technology Commodities,23.32,-5.318717011774254,Benefits
375,19335.0,3488.0,2019-10,3.688,1.83,3.6,5537.84,5651.62,5119.26,5648.4,5648.4,81097300000.0,66.719,-1.1467855925799686,Education and Communication Commodities,50.94,0.513022888713488,Total Compensation
376,19335.0,3488.0,2019-10,3.688,1.83,3.6,5537.84,5651.62,5119.26,5648.4,5648.4,81097300000.0,66.719,-1.1467855925799686,Education and Communication Commodities,45.13,0.2666074205732061,Wages and Salaries
377,19335.0,3488.0,2019-10,3.688,1.83,3.6,5537.84,5651.62,5119.26,5648.4,5648.4,81097300000.0,66.719,-1.1467855925799686,Education and Communication Commodities,23.32,-5.318717011774254,Benefits
378,19335.0,3488.0,2019-10,3.688,1.83,3.6,5537.84,5651.62,5119.26,5648.4,5648.4,81097300000.0,112.566,0.1049373932840103,Education and Communication Services,50.94,0.513022888713488,Total Compensation
379,19335.0,3488.0,2019-10,3.688,1.83,3.6,5537.84,5651.62,5119.26,5648.4,5648.4,81097300000.0,112.566,0.1049373932840103,Education and Communication Services,45.13,0.2666074205732061,Wages and Salaries
380,19335.0,3488.0,2019-10,3.688,1.83,3.6,5537.84,5651.62,5119.26,5648.4,5648.4,81097300000.0,112.566,0.1049373932840103,Education and Communication Services,23.32,-5.318717011774254,Benefits
381,19335.0,3488.0,2019-11,3.695,1.55,3.6,5537.84,5651.62,5119.26,5648.4,5648.4,81097300000.0,50.53,-0.4276114844227185,Information Technology Commodities,23.32,-5.318717011774254,Benefits
382,19335.0,3488.0,2019-11,3.695,1.55,3.6,5537.84,5651.62,5119.26,5648.4,5648.4,81097300000.0,66.372,-0.5200917279935213,Education and Communication Commodities,23.32,-5.318717011774254,Benefits
383,19335.0,3488.0,2019-11,3.695,1.55,3.6,5537.84,5651.62,5119.26,5648.4,5648.4,81097300000.0,112.817,0.222980296004116,Education and Communication Services,23.32,-5.318717011774254,Benefits
384,19335.0,3488.0,2019-12,3.72,1.55,3.6,5537.84,5651.62,5119.26,5648.4,5648.4,81097300000.0,49.45,-2.137344151988918,Information Technology Commodities,23.32,-5.318717011774254,Benefits
385,19335.0,3488.0,2019-12,3.72,1.55,3.6,5537.84,5651.62,5119.26,5648.4,5648.4,81097300000.0,65.776,-0.8979690230820236,Education and Communication Commodities,23.32,-5.318717011774254,Benefits
386,19335.0,3488.0,2019-12,3.72,1.55,3.6,5537.84,5651.62,5119.26,5648.4,5648.4,81097300000.0,112.994,0.156891248659341,Education and Communication Services,23.32,-5.318717011774254,Benefits
387,19335.0,3488.0,2020-01,3.624,1.55,3.6,5537.84,5651.62,5119.26,5648.4,5648.4,81097300000.0,49.088,-0.7320525783619858,Information Technology Commodities,50.82,-0.2355712603062332,Total Compensation
388,19335.0,3488.0,2020-01,3.624,1.55,3.6,5537.84,5651.62,5119.26,5648.4,5648.4,81097300000.0,49.088,-0.7320525783619858,Information Technology Commodities,45.48,0.7755373365831986,Wages and Salaries
389,19335.0,3488.0,2020-01,3.624,1.55,3.6,5537.84,5651.62,5119.26,5648.4,5648.4,81097300000.0,49.088,-0.7320525783619858,Information Technology Commodities,23.51,0.8147512864494111,Benefits
390,19335.0,3488.0,2020-01,3.624,1.55,3.6,5537.84,5651.62,5119.26,5648.4,5648.4,81097300000.0,7.358,-0.1763668430335152,Information Technology Hardware & Services,50.82,-0.2355712603062332,Total Compensation
391,19335.0,3488.0,2020-01,3.624,1.55,3.6,5537.84,5651.62,5119.26,5648.4,5648.4,81097300000.0,7.358,-0.1763668430335152,Information Technology Hardware & Services,45.48,0.7755373365831986,Wages and Salaries
392,19335.0,3488.0,2020-01,3.624,1.55,3.6,5537.84,5651.62,5119.26,5648.4,5648.4,81097300000.0,7.358,-0.1763668430335152,Information Technology Hardware & Services,23.51,0.8147512864494111,Benefits
393,19335.0,3488.0,2020-01,3.624,1.55,3.6,5537.84,5651.62,5119.26,5648.4,5648.4,81097300000.0,64.928,-1.2892240330819704,Education and Communication Commodities,50.82,-0.2355712603062332,Total Compensation
394,19335.0,3488.0,2020-01,3.624,1.55,3.6,5537.84,5651.62,5119.26,5648.4,5648.4,81097300000.0,64.928,-1.2892240330819704,Education and Communication Commodities,45.48,0.7755373365831986,Wages and Salaries
395,19335.0,3488.0,2020-01,3.624,1.55,3.6,5537.84,5651.62,5119.26,5648.4,5648.4,81097300000.0,64.928,-1.2892240330819704,Education and Communication Commodities,23.51,0.8147512864494111,Benefits
396,19335.0,3488.0,2020-01,3.624,1.55,3.6,5537.84,5651.62,5119.26,5648.4,5648.4,81097300000.0,113.298,0.2690408340265904,Education and Communication Services,50.82,-0.2355712603062332,Total Compensation
397,19335.0,3488.0,2020-01,3.624,1.55,3.6,5537.84,5651.62,5119.26,5648.4,5648.4,81097300000.0,113.298,0.2690408340265904,Education and Communication Services,45.48,0.7755373365831986,Wages and Salaries
398,19335.0,3488.0,2020-01,3.624,1.55,3.6,5537.84,5651.62,5119.26,5648.4,5648.4,81097300000.0,113.298,0.2690408340265904,Education and Communication Services,23.51,0.8147512864494111,Benefits
399,19335.0,3488.0,2020-02,3.4650000000000003,1.58,3.5,5537.84,5651.62,5119.26,5648.4,5648.4,81097300000.0,49.468,0.7741199478487726,Information Technology Commodities,23.51,0.8147512864494111,Benefits
400,19335.0,3488.0,2020-02,3.4650000000000003,1.58,3.5,5537.84,5651.62,5119.26,5648.4,5648.4,81097300000.0,7.286,-0.9785267735797798,Information Technology Hardware & Services,23.51,0.8147512864494111,Benefits
401,19335.0,3488.0,2020-02,3.4650000000000003,1.58,3.5,5537.84,5651.62,5119.26,5648.4,5648.4,81097300000.0,65.168,0.3696402168556156,Education and Communication Commodities,23.51,0.8147512864494111,Benefits
402,19335.0,3488.0,2020-02,3.4650000000000003,1.58,3.5,5537.84,5651.62,5119.26,5648.4,5648.4,81097300000.0,113.196,-0.0900280675740106,Education and Communication Services,23.51,0.8147512864494111,Benefits
403,19335.0,3488.0,2021-05,2.9625,0.06,5.8,4191.98,4238.04,4056.88,4204.11,4204.11,88321860000.0,48.397,0.3233763810866152,Information Technology Commodities,23.51,0.8147512864494111,Benefits
404,19335.0,3488.0,2021-05,2.9625,0.06,5.8,4191.98,4238.04,4056.88,4204.11,4204.11,88321860000.0,62.732,-0.4791065139448491,Education and Communication Commodities,23.51,0.8147512864494111,Benefits
405,19335.0,3488.0,2021-05,2.9625,0.06,5.8,4191.98,4238.04,4056.88,4204.11,4204.11,88321860000.0,115.533,0.1933917266498941,Education and Communication Services,23.51,0.8147512864494111,Benefits
406,19335.0,3488.0,2021-07,2.868,0.1,5.4,4300.73,4429.97,4233.13,4395.26,4395.26,84255620000.0,48.776,1.0168789479134466,Information Technology Commodities,51.67,2.3370964547435147,Total Compensation
407,19335.0,3488.0,2021-07,2.868,0.1,5.4,4300.73,4429.97,4233.13,4395.26,4395.26,84255620000.0,48.776,1.0168789479134466,Information Technology Commodities,47.17,4.220061864781277,Wages and Salaries
408,19335.0,3488.0,2021-07,2.868,0.1,5.4,4300.73,4429.97,4233.13,4395.26,4395.26,84255620000.0,48.776,1.0168789479134466,Information Technology Commodities,25.16,1.6976556184316929,Benefits
409,19335.0,3488.0,2021-07,2.868,0.1,5.4,4300.73,4429.97,4233.13,4395.26,4395.26,84255620000.0,63.088,0.675017952605117,Education and Communication Commodities,51.67,2.3370964547435147,Total Compensation
410,19335.0,3488.0,2021-07,2.868,0.1,5.4,4300.73,4429.97,4233.13,4395.26,4395.26,84255620000.0,63.088,0.675017952605117,Education and Communication Commodities,47.17,4.220061864781277,Wages and Salaries
411,19335.0,3488.0,2021-07,2.868,0.1,5.4,4300.73,4429.97,4233.13,4395.26,4395.26,84255620000.0,63.088,0.675017952605117,Education and Communication Commodities,25.16,1.6976556184316929,Benefits
412,19335.0,3488.0,2021-07,2.868,0.1,5.4,4300.73,4429.97,4233.13,4395.26,4395.26,84255620000.0,115.882,0.0811828514181156,Education and Communication Services,51.67,2.3370964547435147,Total Compensation
413,19335.0,3488.0,2021-07,2.868,0.1,5.4,4300.73,4429.97,4233.13,4395.26,4395.26,84255620000.0,115.882,0.0811828514181156,Education and Communication Services,47.17,4.220061864781277,Wages and Salaries
414,19335.0,3488.0,2021-07,2.868,0.1,5.4,4300.73,4429.97,4233.13,4395.26,4395.26,84255620000.0,115.882,0.0811828514181156,Education and Communication Services,25.16,1.6976556184316929,Benefits
415,19335.0,3488.0,2024-09,6.35,0.1,5.4,4300.73,4429.97,4233.13,4395.26,4395.26,84255620000.0,115.882,0.0811828514181156,Education and Communication Services,25.16,1.6976556184316929,Benefits
